[2026-03-06 07:31:55] local.ERROR: syntax error, unexpected token "public" {"exception":"[object] (ParseError(code: 0): syntax error, unexpected token \"public\" at C:/laragon/www/kampus-app/database/migrations/2026_03_06_072929_create_matkuls_table.php:19)
[stacktrace]
#0 C:/laragon/www/kampus-app/vendor/laravel/framework/src/Illuminate/Filesystem/Filesystem.php(149): Illuminate/Filesystem/Filesystem::Illuminate/Filesystem/{closure}()
#1 C:/laragon/www/kampus-app/vendor/laravel/framework/src/Illuminate/Database/Migrations/Migrator.php(582): Illuminate/Filesystem/Filesystem->requireOnce('C://laragon//www//...')
#2 C:/laragon/www/kampus-app/vendor/laravel/framework/src/Illuminate/Database/Migrations/Migrator.php(125): Illuminate/Database/Migrations/Migrator->requireFiles(Array)
#3 C:/laragon/www/kampus-app/vendor/laravel/framework/src/Illuminate/Database/Console/Migrations/MigrateCommand.php(92): Illuminate/Database/Migrations/Migrator->run(Array, Array)
#4 C:/laragon/www/kampus-app/vendor/laravel/framework/src/Illuminate/Database/Migrations/Migrator.php(641): Illuminate/Database/Console/Migrations/MigrateCommand->Illuminate/Database/Console/Migrations/{closure}()
#5 C:/laragon/www/kampus-app/vendor/laravel/framework/src/Illuminate/Database/Console/Migrations/MigrateCommand.php(104): Illuminate/Database/Migrations/Migrator->usingConnection(NULL, Object(Closure))
#6 C:/laragon/www/kampus-app/vendor/laravel/framework/src/Illuminate/Container/BoundMethod.php(36): Illuminate/Database/Console/Migrations/MigrateCommand->handle()
#7 C:/laragon/www/kampus-app/vendor/laravel/framework/src/Illuminate/Container/Util.php(41): Illuminate/Container/BoundMethod::Illuminate/Container/{closure}()
#8 C:/laragon/www/kampus-app/vendor/laravel/framework/src/Illuminate/Container/BoundMethod.php(93): Illuminate/Container/Util::unwrapIfClosure(Object(Closure))
#9 C:/laragon/www/kampus-app/vendor/laravel/framework/src/Illuminate/Container/BoundMethod.php(37): Illuminate/Container/BoundMethod::callBoundMethod(Object(Illuminate/Foundation/Application), Array, Object(Closure))
#10 C:/laragon/www/kampus-app/vendor/laravel/framework/src/Illuminate/Container/Container.php(662): Illuminate/Container/BoundMethod::call(Object(Illuminate/Foundation/Application), Array, Array, NULL)
#11 C:/laragon/www/kampus-app/vendor/laravel/framework/src/Illuminate/Console/Command.php(211): Illuminate/Container/Container->call(Array)
#12 C:/laragon/www/kampus-app/vendor/symfony/console/Command/Command.php(326): Illuminate/Console/Command->execute(Object(Symfony/Component/Console/Input/ArgvInput), Object(Illuminate/Console/OutputStyle))
#13 C:/laragon/www/kampus-app/vendor/laravel/framework/src/Illuminate/Console/Command.php(181): Symfony/Component/Console/Command/Command->run(Object(Symfony/Component/Console/Input/ArgvInput), Object(Illuminate/Console/OutputStyle))
#14 C:/laragon/www/kampus-app/vendor/symfony/console/Application.php(1121): Illuminate/Console/Command->run(Object(Symfony/Component/Console/Input/ArgvInput), Object(Symfony/Component/Console/Output/ConsoleOutput))
#15 C:/laragon/www/kampus-app/vendor/symfony/console/Application.php(324): Symfony/Component/Console/Application->doRunCommand(Object(Illuminate/Database/Console/Migrations/MigrateCommand), Object(Symfony/Component/Console/Input/ArgvInput), Object(Symfony/Component/Console/Output/ConsoleOutput))
#16 C:/laragon/www/kampus-app/vendor/symfony/console/Application.php(175): Symfony/Component/Console/Application->doRun(Object(Symfony/Component/Console/Input/ArgvInput), Object(Symfony/Component/Console/Output/ConsoleOutput))
#17 C:/laragon/www/kampus-app/vendor/laravel/framework/src/Illuminate/Foundation/Console/Kernel.php(201): Symfony/Component/Console/Application->run(Object(Symfony/Component/Console/Input/ArgvInput), Object(Symfony/Component/Console/Output/ConsoleOutput))
#18 C:/laragon/www/kampus-app/artisan(37): Illuminate/Foundation/Console/Kernel->handle(Object(Symfony/Component/Console/Input/ArgvInput), Object(Symfony/Component/Console/Output/ConsoleOutput))
#19 {main}
"} 
[2026-03-06 07:35:36] local.ERROR: Cannot redeclare Illuminate\Database\Migrations\Migration@anonymous::down() {"exception":"[object] (Symfony\\Component\\ErrorHandler\\Error\\FatalError(code: 0): Cannot redeclare Illuminate\\Database\\Migrations\\Migration@anonymous::down() at C:/laragon/www/kampus-app/database/migrations/2026_03_06_072929_create_matkuls_table.php:31)
[stacktrace]
#0 {main}
"} 
[2026-03-08 15:11:33] local.ERROR: Cannot declare class App\Http\Controllers\MahasiswaController, because the name is already in use {"exception":"[object] (Symfony\\Component\\ErrorHandler\\Error\\FatalError(code: 0): Cannot declare class App\\Http\\Controllers\\MahasiswaController, because the name is already in use at C:/laragon/www/kampus-app/app/Http/Controllers/MatkulController.php:7)
[stacktrace]
#0 {main}
"} 
[2026-03-08 15:12:31] local.ERROR: Cannot declare class App\Http\Controllers\MahasiswaController, because the name is already in use {"exception":"[object] (Symfony\\Component\\ErrorHandler\\Error\\FatalError(code: 0): Cannot declare class App\\Http\\Controllers\\MahasiswaController, because the name is already in use at C:/laragon/www/kampus-app/app/Http/Controllers/MatkulController.php:7)
[stacktrace]
#0 {main}
"} 
[2026-03-08 15:14:07] local.ERROR: Cannot declare class App\Http\Controllers\MahasiswaController, because the name is already in use {"exception":"[object] (Symfony\\Component\\ErrorHandler\\Error\\FatalError(code: 0): Cannot declare class App\\Http\\Controllers\\MahasiswaController, because the name is already in use at C:/laragon/www/kampus-app/app/Http/Controllers/MatkulController.php:7)
[stacktrace]
#0 {main}
"} 
[2026-03-08 15:15:28] local.ERROR: Undefined variable $mahasiswa {"view":{"view":"C:\\laragon\\www\\kampus-app\\resources\\views\\matkul\\index.blade.php","data":{"errors":"<pre class=sf-dump id=sf-dump-1428962753 data-indent-pad=\"  \"><span class=sf-dump-note>Illuminate\\Support\\ViewErrorBag</span> {<a class=sf-dump-ref>#282</a><samp data-depth=1 class=sf-dump-expanded>
  #<span class=sf-dump-protected title=\"Protected property\">bags</span>: []
</samp>}
</pre><script>Sfdump(\"sf-dump-1428962753\", {\"maxDepth\":3,\"maxStringLength\":160})</script>
","matkul":"<pre class=sf-dump id=sf-dump-76969134 data-indent-pad=\"  \"><span class=sf-dump-note>Illuminate\\Database\\Eloquent\\Collection</span> {<a class=sf-dump-ref>#985</a><samp data-depth=1 class=sf-dump-expanded>
  #<span class=sf-dump-protected title=\"Protected property\">items</span>: <span class=sf-dump-note>array:2</span> [<samp data-depth=2 class=sf-dump-compact>
    <span class=sf-dump-index>0</span> => <span class=\"sf-dump-note sf-dump-ellipsization\" title=\"App\\Models\\Matkul
\"><span class=\"sf-dump-ellipsis sf-dump-ellipsis-note\">App\\Models</span><span class=\"sf-dump-ellipsis sf-dump-ellipsis-note\">\\</span><span class=\"sf-dump-ellipsis-tail\">Matkul</span></span> {<a class=sf-dump-ref>#987</a><samp data-depth=3 class=sf-dump-compact>
      #<span class=sf-dump-protected title=\"Protected property\">connection</span>: \"<span class=sf-dump-str title=\"5 characters\">mysql</span>\"
      #<span class=sf-dump-protected title=\"Protected property\">table</span>: \"<span class=sf-dump-str title=\"7 characters\">matkuls</span>\"
      #<span class=sf-dump-protected title=\"Protected property\">primaryKey</span>: \"<span class=sf-dump-str title=\"2 characters\">id</span>\"
      #<span class=sf-dump-protected title=\"Protected property\">keyType</span>: \"<span class=sf-dump-str title=\"3 characters\">int</span>\"
      +<span class=sf-dump-public title=\"Public property\">incrementing</span>: <span class=sf-dump-const>true</span>
      #<span class=sf-dump-protected title=\"Protected property\">with</span>: []
      #<span class=sf-dump-protected title=\"Protected property\">withCount</span>: []
      +<span class=sf-dump-public title=\"Public property\">preventsLazyLoading</span>: <span class=sf-dump-const>false</span>
      #<span class=sf-dump-protected title=\"Protected property\">perPage</span>: <span class=sf-dump-num>15</span>
      +<span class=sf-dump-public title=\"Public property\">exists</span>: <span class=sf-dump-const>true</span>
      +<span class=sf-dump-public title=\"Public property\">wasRecentlyCreated</span>: <span class=sf-dump-const>false</span>
      #<span class=sf-dump-protected title=\"Protected property\">escapeWhenCastingToString</span>: <span class=sf-dump-const>false</span>
      #<span class=sf-dump-protected title=\"Protected property\">attributes</span>: <span class=sf-dump-note>array:6</span> [ &#8230;6]
      #<span class=sf-dump-protected title=\"Protected property\">original</span>: <span class=sf-dump-note>array:6</span> [ &#8230;6]
      #<span class=sf-dump-protected title=\"Protected property\">changes</span>: []
      #<span class=sf-dump-protected title=\"Protected property\">casts</span>: []
      #<span class=sf-dump-protected title=\"Protected property\">classCastCache</span>: []
      #<span class=sf-dump-protected title=\"Protected property\">attributeCastCache</span>: []
      #<span class=sf-dump-protected title=\"Protected property\">dateFormat</span>: <span class=sf-dump-const>null</span>
      #<span class=sf-dump-protected title=\"Protected property\">appends</span>: []
      #<span class=sf-dump-protected title=\"Protected property\">dispatchesEvents</span>: []
      #<span class=sf-dump-protected title=\"Protected property\">observables</span>: []
      #<span class=sf-dump-protected title=\"Protected property\">relations</span>: []
      #<span class=sf-dump-protected title=\"Protected property\">touches</span>: []
      +<span class=sf-dump-public title=\"Public property\">timestamps</span>: <span class=sf-dump-const>true</span>
      +<span class=sf-dump-public title=\"Public property\">usesUniqueIds</span>: <span class=sf-dump-const>false</span>
      #<span class=sf-dump-protected title=\"Protected property\">hidden</span>: []
      #<span class=sf-dump-protected title=\"Protected property\">visible</span>: []
      #<span class=sf-dump-protected title=\"Protected property\">fillable</span>: []
      #<span class=sf-dump-protected title=\"Protected property\">guarded</span>: <span class=sf-dump-note>array:1</span> [ &#8230;1]
    </samp>}
    <span class=sf-dump-index>1</span> => <span class=\"sf-dump-note sf-dump-ellipsization\" title=\"App\\Models\\Matkul
\"><span class=\"sf-dump-ellipsis sf-dump-ellipsis-note\">App\\Models</span><span class=\"sf-dump-ellipsis sf-dump-ellipsis-note\">\\</span><span class=\"sf-dump-ellipsis-tail\">Matkul</span></span> {<a class=sf-dump-ref>#988</a><samp data-depth=3 class=sf-dump-compact>
      #<span class=sf-dump-protected title=\"Protected property\">connection</span>: \"<span class=sf-dump-str title=\"5 characters\">mysql</span>\"
      #<span class=sf-dump-protected title=\"Protected property\">table</span>: \"<span class=sf-dump-str title=\"7 characters\">matkuls</span>\"
      #<span class=sf-dump-protected title=\"Protected property\">primaryKey</span>: \"<span class=sf-dump-str title=\"2 characters\">id</span>\"
      #<span class=sf-dump-protected title=\"Protected property\">keyType</span>: \"<span class=sf-dump-str title=\"3 characters\">int</span>\"
      +<span class=sf-dump-public title=\"Public property\">incrementing</span>: <span class=sf-dump-const>true</span>
      #<span class=sf-dump-protected title=\"Protected property\">with</span>: []
      #<span class=sf-dump-protected title=\"Protected property\">withCount</span>: []
      +<span class=sf-dump-public title=\"Public property\">preventsLazyLoading</span>: <span class=sf-dump-const>false</span>
      #<span class=sf-dump-protected title=\"Protected property\">perPage</span>: <span class=sf-dump-num>15</span>
      +<span class=sf-dump-public title=\"Public property\">exists</span>: <span class=sf-dump-const>true</span>
      +<span class=sf-dump-public title=\"Public property\">wasRecentlyCreated</span>: <span class=sf-dump-const>false</span>
      #<span class=sf-dump-protected title=\"Protected property\">escapeWhenCastingToString</span>: <span class=sf-dump-const>false</span>
      #<span class=sf-dump-protected title=\"Protected property\">attributes</span>: <span class=sf-dump-note>array:6</span> [ &#8230;6]
      #<span class=sf-dump-protected title=\"Protected property\">original</span>: <span class=sf-dump-note>array:6</span> [ &#8230;6]
      #<span class=sf-dump-protected title=\"Protected property\">changes</span>: []
      #<span class=sf-dump-protected title=\"Protected property\">casts</span>: []
      #<span class=sf-dump-protected title=\"Protected property\">classCastCache</span>: []
      #<span class=sf-dump-protected title=\"Protected property\">attributeCastCache</span>: []
      #<span class=sf-dump-protected title=\"Protected property\">dateFormat</span>: <span class=sf-dump-const>null</span>
      #<span class=sf-dump-protected title=\"Protected property\">appends</span>: []
      #<span class=sf-dump-protected title=\"Protected property\">dispatchesEvents</span>: []
      #<span class=sf-dump-protected title=\"Protected property\">observables</span>: []
      #<span class=sf-dump-protected title=\"Protected property\">relations</span>: []
      #<span class=sf-dump-protected title=\"Protected property\">touches</span>: []
      +<span class=sf-dump-public title=\"Public property\">timestamps</span>: <span class=sf-dump-const>true</span>
      +<span class=sf-dump-public title=\"Public property\">usesUniqueIds</span>: <span class=sf-dump-const>false</span>
      #<span class=sf-dump-protected title=\"Protected property\">hidden</span>: []
      #<span class=sf-dump-protected title=\"Protected property\">visible</span>: []
      #<span class=sf-dump-protected title=\"Protected property\">fillable</span>: []
      #<span class=sf-dump-protected title=\"Protected property\">guarded</span>: <span class=sf-dump-note>array:1</span> [ &#8230;1]
    </samp>}
  </samp>]
  #<span class=sf-dump-protected title=\"Protected property\">escapeWhenCastingToString</span>: <span class=sf-dump-const>false</span>
</samp>}
</pre><script>Sfdump(\"sf-dump-76969134\", {\"maxDepth\":3,\"maxStringLength\":160})</script>
"}},"exception":"[object] (Spatie\\LaravelIgnition\\Exceptions\\ViewException(code: 0): Undefined variable $mahasiswa at C:/laragon/www/kampus-app/resources/views/matkul/index.blade.php:18)
[stacktrace]
#0 C:/laragon/www/kampus-app/vendor/laravel/framework/src/Illuminate/Filesystem/Filesystem.php(123): require('C://laragon//www//...')
#1 C:/laragon/www/kampus-app/vendor/laravel/framework/src/Illuminate/Filesystem/Filesystem.php(124): Illuminate/Filesystem/Filesystem::Illuminate/Filesystem/{closure}()
#2 C:/laragon/www/kampus-app/vendor/laravel/framework/src/Illuminate/View/Engines/PhpEngine.php(58): Illuminate/Filesystem/Filesystem->getRequire('C://laragon//www//...', Array)
#3 C:/laragon/www/kampus-app/vendor/laravel/framework/src/Illuminate/View/Engines/CompilerEngine.php(72): Illuminate/View/Engines/PhpEngine->evaluatePath('C://laragon//www//...', Array)
#4 C:/laragon/www/kampus-app/vendor/laravel/framework/src/Illuminate/View/View.php(207): Illuminate/View/Engines/CompilerEngine->get('C://laragon//www//...', Array)
#5 C:/laragon/www/kampus-app/vendor/laravel/framework/src/Illuminate/View/View.php(190): Illuminate/View/View->getContents()
#6 C:/laragon/www/kampus-app/vendor/laravel/framework/src/Illuminate/View/View.php(159): Illuminate/View/View->renderContents()
#7 C:/laragon/www/kampus-app/vendor/laravel/framework/src/Illuminate/Http/Response.php(69): Illuminate/View/View->render()
#8 C:/laragon/www/kampus-app/vendor/laravel/framework/src/Illuminate/Http/Response.php(35): Illuminate/Http/Response->setContent(Object(Illuminate/View/View))
#9 C:/laragon/www/kampus-app/vendor/laravel/framework/src/Illuminate/Routing/Router.php(918): Illuminate/Http/Response->__construct(Object(Illuminate/View/View), 200, Array)
#10 C:/laragon/www/kampus-app/vendor/laravel/framework/src/Illuminate/Routing/Router.php(885): Illuminate/Routing/Router::toResponse(Object(Illuminate/Http/Request), Object(Illuminate/View/View))
#11 C:/laragon/www/kampus-app/vendor/laravel/framework/src/Illuminate/Routing/Router.php(806): Illuminate/Routing/Router->prepareResponse(Object(Illuminate/Http/Request), Object(Illuminate/View/View))
#12 C:/laragon/www/kampus-app/vendor/laravel/framework/src/Illuminate/Pipeline/Pipeline.php(144): Illuminate/Routing/Router->Illuminate/Routing/{closure}(Object(Illuminate/Http/Request))
#13 C:/laragon/www/kampus-app/vendor/laravel/framework/src/Illuminate/Routing/Middleware/SubstituteBindings.php(50): Illuminate/Pipeline/Pipeline->Illuminate/Pipeline/{closure}(Object(Illuminate/Http/Request))
#14 C:/laragon/www/kampus-app/vendor/laravel/framework/src/Illuminate/Pipeline/Pipeline.php(183): Illuminate/Routing/Middleware/SubstituteBindings->handle(Object(Illuminate/Http/Request), Object(Closure))
#15 C:/laragon/www/kampus-app/vendor/laravel/framework/src/Illuminate/Foundation/Http/Middleware/VerifyCsrfToken.php(78): Illuminate/Pipeline/Pipeline->Illuminate/Pipeline/{closure}(Object(Illuminate/Http/Request))
#16 C:/laragon/www/kampus-app/vendor/laravel/framework/src/Illuminate/Pipeline/Pipeline.php(183): Illuminate/Foundation/Http/Middleware/VerifyCsrfToken->handle(Object(Illuminate/Http/Request), Object(Closure))
#17 C:/laragon/www/kampus-app/vendor/laravel/framework/src/Illuminate/View/Middleware/ShareErrorsFromSession.php(49): Illuminate/Pipeline/Pipeline->Illuminate/Pipeline/{closure}(Object(Illuminate/Http/Request))
#18 C:/laragon/www/kampus-app/vendor/laravel/framework/src/Illuminate/Pipeline/Pipeline.php(183): Illuminate/View/Middleware/ShareErrorsFromSession->handle(Object(Illuminate/Http/Request), Object(Closure))
#19 C:/laragon/www/kampus-app/vendor/laravel/framework/src/Illuminate/Session/Middleware/StartSession.php(121): Illuminate/Pipeline/Pipeline->Illuminate/Pipeline/{closure}(Object(Illuminate/Http/Request))
#20 C:/laragon/www/kampus-app/vendor/laravel/framework/src/Illuminate/Session/Middleware/StartSession.php(64): Illuminate/Session/Middleware/StartSession->handleStatefulRequest(Object(Illuminate/Http/Request), Object(Illuminate/Session/Store), Object(Closure))
#21 C:/laragon/www/kampus-app/vendor/laravel/framework/src/Illuminate/Pipeline/Pipeline.php(183): Illuminate/Session/Middleware/StartSession->handle(Object(Illuminate/Http/Request), Object(Closure))
#22 C:/laragon/www/kampus-app/vendor/laravel/framework/src/Illuminate/Cookie/Middleware/AddQueuedCookiesToResponse.php(37): Illuminate/Pipeline/Pipeline->Illuminate/Pipeline/{closure}(Object(Illuminate/Http/Request))
#23 C:/laragon/www/kampus-app/vendor/laravel/framework/src/Illuminate/Pipeline/Pipeline.php(183): Illuminate/Cookie/Middleware/AddQueuedCookiesToResponse->handle(Object(Illuminate/Http/Request), Object(Closure))
#24 C:/laragon/www/kampus-app/vendor/laravel/framework/src/Illuminate/Cookie/Middleware/EncryptCookies.php(67): Illuminate/Pipeline/Pipeline->Illuminate/Pipeline/{closure}(Object(Illuminate/Http/Request))
#25 C:/laragon/www/kampus-app/vendor/laravel/framework/src/Illuminate/Pipeline/Pipeline.php(183): Illuminate/Cookie/Middleware/EncryptCookies->handle(Object(Illuminate/Http/Request), Object(Closure))
#26 C:/laragon/www/kampus-app/vendor/laravel/framework/src/Illuminate/Pipeline/Pipeline.php(119): Illuminate/Pipeline/Pipeline->Illuminate/Pipeline/{closure}(Object(Illuminate/Http/Request))
#27 C:/laragon/www/kampus-app/vendor/laravel/framework/src/Illuminate/Routing/Router.php(807): Illuminate/Pipeline/Pipeline->then(Object(Closure))
#28 C:/laragon/www/kampus-app/vendor/laravel/framework/src/Illuminate/Routing/Router.php(784): Illuminate/Routing/Router->runRouteWithinStack(Object(Illuminate/Routing/Route), Object(Illuminate/Http/Request))
#29 C:/laragon/www/kampus-app/vendor/laravel/framework/src/Illuminate/Routing/Router.php(748): Illuminate/Routing/Router->runRoute(Object(Illuminate/Http/Request), Object(Illuminate/Routing/Route))
#30 C:/laragon/www/kampus-app/vendor/laravel/framework/src/Illuminate/Routing/Router.php(737): Illuminate/Routing/Router->dispatchToRoute(Object(Illuminate/Http/Request))
#31 C:/laragon/www/kampus-app/vendor/laravel/framework/src/Illuminate/Foundation/Http/Kernel.php(200): Illuminate/Routing/Router->dispatch(Object(Illuminate/Http/Request))
#32 C:/laragon/www/kampus-app/vendor/laravel/framework/src/Illuminate/Pipeline/Pipeline.php(144): Illuminate/Foundation/Http/Kernel->Illuminate/Foundation/Http/{closure}(Object(Illuminate/Http/Request))
#33 C:/laragon/www/kampus-app/vendor/laravel/framework/src/Illuminate/Foundation/Http/Middleware/TransformsRequest.php(21): Illuminate/Pipeline/Pipeline->Illuminate/Pipeline/{closure}(Object(Illuminate/Http/Request))
#34 C:/laragon/www/kampus-app/vendor/laravel/framework/src/Illuminate/Foundation/Http/Middleware/ConvertEmptyStringsToNull.php(31): Illuminate/Foundation/Http/Middleware/TransformsRequest->handle(Object(Illuminate/Http/Request), Object(Closure))
#35 C:/laragon/www/kampus-app/vendor/laravel/framework/src/Illuminate/Pipeline/Pipeline.php(183): Illuminate/Foundation/Http/Middleware/ConvertEmptyStringsToNull->handle(Object(Illuminate/Http/Request), Object(Closure))
#36 C:/laragon/www/kampus-app/vendor/laravel/framework/src/Illuminate/Foundation/Http/Middleware/TransformsRequest.php(21): Illuminate/Pipeline/Pipeline->Illuminate/Pipeline/{closure}(Object(Illuminate/Http/Request))
#37 C:/laragon/www/kampus-app/vendor/laravel/framework/src/Illuminate/Foundation/Http/Middleware/TrimStrings.php(40): Illuminate/Foundation/Http/Middleware/TransformsRequest->handle(Object(Illuminate/Http/Request), Object(Closure))
#38 C:/laragon/www/kampus-app/vendor/laravel/framework/src/Illuminate/Pipeline/Pipeline.php(183): Illuminate/Foundation/Http/Middleware/TrimStrings->handle(Object(Illuminate/Http/Request), Object(Closure))
#39 C:/laragon/www/kampus-app/vendor/laravel/framework/src/Illuminate/Foundation/Http/Middleware/ValidatePostSize.php(27): Illuminate/Pipeline/Pipeline->Illuminate/Pipeline/{closure}(Object(Illuminate/Http/Request))
#40 C:/laragon/www/kampus-app/vendor/laravel/framework/src/Illuminate/Pipeline/Pipeline.php(183): Illuminate/Foundation/Http/Middleware/ValidatePostSize->handle(Object(Illuminate/Http/Request), Object(Closure))
#41 C:/laragon/www/kampus-app/vendor/laravel/framework/src/Illuminate/Foundation/Http/Middleware/PreventRequestsDuringMaintenance.php(99): Illuminate/Pipeline/Pipeline->Illuminate/Pipeline/{closure}(Object(Illuminate/Http/Request))
#42 C:/laragon/www/kampus-app/vendor/laravel/framework/src/Illuminate/Pipeline/Pipeline.php(183): Illuminate/Foundation/Http/Middleware/PreventRequestsDuringMaintenance->handle(Object(Illuminate/Http/Request), Object(Closure))
#43 C:/laragon/www/kampus-app/vendor/laravel/framework/src/Illuminate/Http/Middleware/HandleCors.php(49): Illuminate/Pipeline/Pipeline->Illuminate/Pipeline/{closure}(Object(Illuminate/Http/Request))
#44 C:/laragon/www/kampus-app/vendor/laravel/framework/src/Illuminate/Pipeline/Pipeline.php(183): Illuminate/Http/Middleware/HandleCors->handle(Object(Illuminate/Http/Request), Object(Closure))
#45 C:/laragon/www/kampus-app/vendor/laravel/framework/src/Illuminate/Http/Middleware/TrustProxies.php(39): Illuminate/Pipeline/Pipeline->Illuminate/Pipeline/{closure}(Object(Illuminate/Http/Request))
#46 C:/laragon/www/kampus-app/vendor/laravel/framework/src/Illuminate/Pipeline/Pipeline.php(183): Illuminate/Http/Middleware/TrustProxies->handle(Object(Illuminate/Http/Request), Object(Closure))
#47 C:/laragon/www/kampus-app/vendor/laravel/framework/src/Illuminate/Pipeline/Pipeline.php(119): Illuminate/Pipeline/Pipeline->Illuminate/Pipeline/{closure}(Object(Illuminate/Http/Request))
#48 C:/laragon/www/kampus-app/vendor/laravel/framework/src/Illuminate/Foundation/Http/Kernel.php(175): Illuminate/Pipeline/Pipeline->then(Object(Closure))
#49 C:/laragon/www/kampus-app/vendor/laravel/framework/src/Illuminate/Foundation/Http/Kernel.php(144): Illuminate/Foundation/Http/Kernel->sendRequestThroughRouter(Object(Illuminate/Http/Request))
#50 C:/laragon/www/kampus-app/public/index.php(52): Illuminate/Foundation/Http/Kernel->handle(Object(Illuminate/Http/Request))
#51 C:/laragon/www/kampus-app/vendor/laravel/framework/src/Illuminate/Foundation/resources/server.php(16): require_once('C://laragon//www//...')
#52 {main}

[previous exception] [object] (ErrorException(code: 0): Undefined variable $mahasiswa at C:/laragon/www/kampus-app/storage/framework/views/1e520012d62bdd3eee84bc35beb6d604.php:18)
[stacktrace]
#0 C:/laragon/www/kampus-app/vendor/laravel/framework/src/Illuminate/Foundation/Bootstrap/HandleExceptions.php(255): Illuminate/Foundation/Bootstrap/HandleExceptions->handleError(2, 'Undefined varia...', 'C://laragon//www//...', 18)
#1 C:/laragon/www/kampus-app/storage/framework/views/1e520012d62bdd3eee84bc35beb6d604.php(18): Illuminate/Foundation/Bootstrap/HandleExceptions->Illuminate/Foundation/Bootstrap/{closure}(2, 'Undefined varia...', 'C://laragon//www//...', 18)
#2 C:/laragon/www/kampus-app/vendor/laravel/framework/src/Illuminate/Filesystem/Filesystem.php(123): require('C://laragon//www//...')
#3 C:/laragon/www/kampus-app/vendor/laravel/framework/src/Illuminate/Filesystem/Filesystem.php(124): Illuminate/Filesystem/Filesystem::Illuminate/Filesystem/{closure}()
#4 C:/laragon/www/kampus-app/vendor/laravel/framework/src/Illuminate/View/Engines/PhpEngine.php(58): Illuminate/Filesystem/Filesystem->getRequire('C://laragon//www//...', Array)
#5 C:/laragon/www/kampus-app/vendor/laravel/framework/src/Illuminate/View/Engines/CompilerEngine.php(72): Illuminate/View/Engines/PhpEngine->evaluatePath('C://laragon//www//...', Array)
#6 C:/laragon/www/kampus-app/vendor/laravel/framework/src/Illuminate/View/View.php(207): Illuminate/View/Engines/CompilerEngine->get('C://laragon//www//...', Array)
#7 C:/laragon/www/kampus-app/vendor/laravel/framework/src/Illuminate/View/View.php(190): Illuminate/View/View->getContents()
#8 C:/laragon/www/kampus-app/vendor/laravel/framework/src/Illuminate/View/View.php(159): Illuminate/View/View->renderContents()
#9 C:/laragon/www/kampus-app/vendor/laravel/framework/src/Illuminate/Http/Response.php(69): Illuminate/View/View->render()
#10 C:/laragon/www/kampus-app/vendor/laravel/framework/src/Illuminate/Http/Response.php(35): Illuminate/Http/Response->setContent(Object(Illuminate/View/View))
#11 C:/laragon/www/kampus-app/vendor/laravel/framework/src/Illuminate/Routing/Router.php(918): Illuminate/Http/Response->__construct(Object(Illuminate/View/View), 200, Array)
#12 C:/laragon/www/kampus-app/vendor/laravel/framework/src/Illuminate/Routing/Router.php(885): Illuminate/Routing/Router::toResponse(Object(Illuminate/Http/Request), Object(Illuminate/View/View))
#13 C:/laragon/www/kampus-app/vendor/laravel/framework/src/Illuminate/Routing/Router.php(806): Illuminate/Routing/Router->prepareResponse(Object(Illuminate/Http/Request), Object(Illuminate/View/View))
#14 C:/laragon/www/kampus-app/vendor/laravel/framework/src/Illuminate/Pipeline/Pipeline.php(144): Illuminate/Routing/Router->Illuminate/Routing/{closure}(Object(Illuminate/Http/Request))
#15 C:/laragon/www/kampus-app/vendor/laravel/framework/src/Illuminate/Routing/Middleware/SubstituteBindings.php(50): Illuminate/Pipeline/Pipeline->Illuminate/Pipeline/{closure}(Object(Illuminate/Http/Request))
#16 C:/laragon/www/kampus-app/vendor/laravel/framework/src/Illuminate/Pipeline/Pipeline.php(183): Illuminate/Routing/Middleware/SubstituteBindings->handle(Object(Illuminate/Http/Request), Object(Closure))
#17 C:/laragon/www/kampus-app/vendor/laravel/framework/src/Illuminate/Foundation/Http/Middleware/VerifyCsrfToken.php(78): Illuminate/Pipeline/Pipeline->Illuminate/Pipeline/{closure}(Object(Illuminate/Http/Request))
#18 C:/laragon/www/kampus-app/vendor/laravel/framework/src/Illuminate/Pipeline/Pipeline.php(183): Illuminate/Foundation/Http/Middleware/VerifyCsrfToken->handle(Object(Illuminate/Http/Request), Object(Closure))
#19 C:/laragon/www/kampus-app/vendor/laravel/framework/src/Illuminate/View/Middleware/ShareErrorsFromSession.php(49): Illuminate/Pipeline/Pipeline->Illuminate/Pipeline/{closure}(Object(Illuminate/Http/Request))
#20 C:/laragon/www/kampus-app/vendor/laravel/framework/src/Illuminate/Pipeline/Pipeline.php(183): Illuminate/View/Middleware/ShareErrorsFromSession->handle(Object(Illuminate/Http/Request), Object(Closure))
#21 C:/laragon/www/kampus-app/vendor/laravel/framework/src/Illuminate/Session/Middleware/StartSession.php(121): Illuminate/Pipeline/Pipeline->Illuminate/Pipeline/{closure}(Object(Illuminate/Http/Request))
#22 C:/laragon/www/kampus-app/vendor/laravel/framework/src/Illuminate/Session/Middleware/StartSession.php(64): Illuminate/Session/Middleware/StartSession->handleStatefulRequest(Object(Illuminate/Http/Request), Object(Illuminate/Session/Store), Object(Closure))
#23 C:/laragon/www/kampus-app/vendor/laravel/framework/src/Illuminate/Pipeline/Pipeline.php(183): Illuminate/Session/Middleware/StartSession->handle(Object(Illuminate/Http/Request), Object(Closure))
#24 C:/laragon/www/kampus-app/vendor/laravel/framework/src/Illuminate/Cookie/Middleware/AddQueuedCookiesToResponse.php(37): Illuminate/Pipeline/Pipeline->Illuminate/Pipeline/{closure}(Object(Illuminate/Http/Request))
#25 C:/laragon/www/kampus-app/vendor/laravel/framework/src/Illuminate/Pipeline/Pipeline.php(183): Illuminate/Cookie/Middleware/AddQueuedCookiesToResponse->handle(Object(Illuminate/Http/Request), Object(Closure))
#26 C:/laragon/www/kampus-app/vendor/laravel/framework/src/Illuminate/Cookie/Middleware/EncryptCookies.php(67): Illuminate/Pipeline/Pipeline->Illuminate/Pipeline/{closure}(Object(Illuminate/Http/Request))
#27 C:/laragon/www/kampus-app/vendor/laravel/framework/src/Illuminate/Pipeline/Pipeline.php(183): Illuminate/Cookie/Middleware/EncryptCookies->handle(Object(Illuminate/Http/Request), Object(Closure))
#28 C:/laragon/www/kampus-app/vendor/laravel/framework/src/Illuminate/Pipeline/Pipeline.php(119): Illuminate/Pipeline/Pipeline->Illuminate/Pipeline/{closure}(Object(Illuminate/Http/Request))
#29 C:/laragon/www/kampus-app/vendor/laravel/framework/src/Illuminate/Routing/Router.php(807): Illuminate/Pipeline/Pipeline->then(Object(Closure))
#30 C:/laragon/www/kampus-app/vendor/laravel/framework/src/Illuminate/Routing/Router.php(784): Illuminate/Routing/Router->runRouteWithinStack(Object(Illuminate/Routing/Route), Object(Illuminate/Http/Request))
#31 C:/laragon/www/kampus-app/vendor/laravel/framework/src/Illuminate/Routing/Router.php(748): Illuminate/Routing/Router->runRoute(Object(Illuminate/Http/Request), Object(Illuminate/Routing/Route))
#32 C:/laragon/www/kampus-app/vendor/laravel/framework/src/Illuminate/Routing/Router.php(737): Illuminate/Routing/Router->dispatchToRoute(Object(Illuminate/Http/Request))
#33 C:/laragon/www/kampus-app/vendor/laravel/framework/src/Illuminate/Foundation/Http/Kernel.php(200): Illuminate/Routing/Router->dispatch(Object(Illuminate/Http/Request))
#34 C:/laragon/www/kampus-app/vendor/laravel/framework/src/Illuminate/Pipeline/Pipeline.php(144): Illuminate/Foundation/Http/Kernel->Illuminate/Foundation/Http/{closure}(Object(Illuminate/Http/Request))
#35 C:/laragon/www/kampus-app/vendor/laravel/framework/src/Illuminate/Foundation/Http/Middleware/TransformsRequest.php(21): Illuminate/Pipeline/Pipeline->Illuminate/Pipeline/{closure}(Object(Illuminate/Http/Request))
#36 C:/laragon/www/kampus-app/vendor/laravel/framework/src/Illuminate/Foundation/Http/Middleware/ConvertEmptyStringsToNull.php(31): Illuminate/Foundation/Http/Middleware/TransformsRequest->handle(Object(Illuminate/Http/Request), Object(Closure))
#37 C:/laragon/www/kampus-app/vendor/laravel/framework/src/Illuminate/Pipeline/Pipeline.php(183): Illuminate/Foundation/Http/Middleware/ConvertEmptyStringsToNull->handle(Object(Illuminate/Http/Request), Object(Closure))
#38 C:/laragon/www/kampus-app/vendor/laravel/framework/src/Illuminate/Foundation/Http/Middleware/TransformsRequest.php(21): Illuminate/Pipeline/Pipeline->Illuminate/Pipeline/{closure}(Object(Illuminate/Http/Request))
#39 C:/laragon/www/kampus-app/vendor/laravel/framework/src/Illuminate/Foundation/Http/Middleware/TrimStrings.php(40): Illuminate/Foundation/Http/Middleware/TransformsRequest->handle(Object(Illuminate/Http/Request), Object(Closure))
#40 C:/laragon/www/kampus-app/vendor/laravel/framework/src/Illuminate/Pipeline/Pipeline.php(183): Illuminate/Foundation/Http/Middleware/TrimStrings->handle(Object(Illuminate/Http/Request), Object(Closure))
#41 C:/laragon/www/kampus-app/vendor/laravel/framework/src/Illuminate/Foundation/Http/Middleware/ValidatePostSize.php(27): Illuminate/Pipeline/Pipeline->Illuminate/Pipeline/{closure}(Object(Illuminate/Http/Request))
#42 C:/laragon/www/kampus-app/vendor/laravel/framework/src/Illuminate/Pipeline/Pipeline.php(183): Illuminate/Foundation/Http/Middleware/ValidatePostSize->handle(Object(Illuminate/Http/Request), Object(Closure))
#43 C:/laragon/www/kampus-app/vendor/laravel/framework/src/Illuminate/Foundation/Http/Middleware/PreventRequestsDuringMaintenance.php(99): Illuminate/Pipeline/Pipeline->Illuminate/Pipeline/{closure}(Object(Illuminate/Http/Request))
#44 C:/laragon/www/kampus-app/vendor/laravel/framework/src/Illuminate/Pipeline/Pipeline.php(183): Illuminate/Foundation/Http/Middleware/PreventRequestsDuringMaintenance->handle(Object(Illuminate/Http/Request), Object(Closure))
#45 C:/laragon/www/kampus-app/vendor/laravel/framework/src/Illuminate/Http/Middleware/HandleCors.php(49): Illuminate/Pipeline/Pipeline->Illuminate/Pipeline/{closure}(Object(Illuminate/Http/Request))
#46 C:/laragon/www/kampus-app/vendor/laravel/framework/src/Illuminate/Pipeline/Pipeline.php(183): Illuminate/Http/Middleware/HandleCors->handle(Object(Illuminate/Http/Request), Object(Closure))
#47 C:/laragon/www/kampus-app/vendor/laravel/framework/src/Illuminate/Http/Middleware/TrustProxies.php(39): Illuminate/Pipeline/Pipeline->Illuminate/Pipeline/{closure}(Object(Illuminate/Http/Request))
#48 C:/laragon/www/kampus-app/vendor/laravel/framework/src/Illuminate/Pipeline/Pipeline.php(183): Illuminate/Http/Middleware/TrustProxies->handle(Object(Illuminate/Http/Request), Object(Closure))
#49 C:/laragon/www/kampus-app/vendor/laravel/framework/src/Illuminate/Pipeline/Pipeline.php(119): Illuminate/Pipeline/Pipeline->Illuminate/Pipeline/{closure}(Object(Illuminate/Http/Request))
#50 C:/laragon/www/kampus-app/vendor/laravel/framework/src/Illuminate/Foundation/Http/Kernel.php(175): Illuminate/Pipeline/Pipeline->then(Object(Closure))
#51 C:/laragon/www/kampus-app/vendor/laravel/framework/src/Illuminate/Foundation/Http/Kernel.php(144): Illuminate/Foundation/Http/Kernel->sendRequestThroughRouter(Object(Illuminate/Http/Request))
#52 C:/laragon/www/kampus-app/public/index.php(52): Illuminate/Foundation/Http/Kernel->handle(Object(Illuminate/Http/Request))
#53 C:/laragon/www/kampus-app/vendor/laravel/framework/src/Illuminate/Foundation/resources/server.php(16): require_once('C://laragon//www//...')
#54 {main}
"} 
[2026-03-08 15:15:56] local.ERROR: Undefined variable $mahasiswa {"view":{"view":"C:\\laragon\\www\\kampus-app\\resources\\views\\matkul\\index.blade.php","data":{"errors":"<pre class=sf-dump id=sf-dump-982681604 data-indent-pad=\"  \"><span class=sf-dump-note>Illuminate\\Support\\ViewErrorBag</span> {<a class=sf-dump-ref>#282</a><samp data-depth=1 class=sf-dump-expanded>
  #<span class=sf-dump-protected title=\"Protected property\">bags</span>: []
</samp>}
</pre><script>Sfdump(\"sf-dump-982681604\", {\"maxDepth\":3,\"maxStringLength\":160})</script>
","matkul":"<pre class=sf-dump id=sf-dump-1951557026 data-indent-pad=\"  \"><span class=sf-dump-note>Illuminate\\Database\\Eloquent\\Collection</span> {<a class=sf-dump-ref>#985</a><samp data-depth=1 class=sf-dump-expanded>
  #<span class=sf-dump-protected title=\"Protected property\">items</span>: <span class=sf-dump-note>array:2</span> [<samp data-depth=2 class=sf-dump-compact>
    <span class=sf-dump-index>0</span> => <span class=\"sf-dump-note sf-dump-ellipsization\" title=\"App\\Models\\Matkul
\"><span class=\"sf-dump-ellipsis sf-dump-ellipsis-note\">App\\Models</span><span class=\"sf-dump-ellipsis sf-dump-ellipsis-note\">\\</span><span class=\"sf-dump-ellipsis-tail\">Matkul</span></span> {<a class=sf-dump-ref>#987</a><samp data-depth=3 class=sf-dump-compact>
      #<span class=sf-dump-protected title=\"Protected property\">connection</span>: \"<span class=sf-dump-str title=\"5 characters\">mysql</span>\"
      #<span class=sf-dump-protected title=\"Protected property\">table</span>: \"<span class=sf-dump-str title=\"7 characters\">matkuls</span>\"
      #<span class=sf-dump-protected title=\"Protected property\">primaryKey</span>: \"<span class=sf-dump-str title=\"2 characters\">id</span>\"
      #<span class=sf-dump-protected title=\"Protected property\">keyType</span>: \"<span class=sf-dump-str title=\"3 characters\">int</span>\"
      +<span class=sf-dump-public title=\"Public property\">incrementing</span>: <span class=sf-dump-const>true</span>
      #<span class=sf-dump-protected title=\"Protected property\">with</span>: []
      #<span class=sf-dump-protected title=\"Protected property\">withCount</span>: []
      +<span class=sf-dump-public title=\"Public property\">preventsLazyLoading</span>: <span class=sf-dump-const>false</span>
      #<span class=sf-dump-protected title=\"Protected property\">perPage</span>: <span class=sf-dump-num>15</span>
      +<span class=sf-dump-public title=\"Public property\">exists</span>: <span class=sf-dump-const>true</span>
      +<span class=sf-dump-public title=\"Public property\">wasRecentlyCreated</span>: <span class=sf-dump-const>false</span>
      #<span class=sf-dump-protected title=\"Protected property\">escapeWhenCastingToString</span>: <span class=sf-dump-const>false</span>
      #<span class=sf-dump-protected title=\"Protected property\">attributes</span>: <span class=sf-dump-note>array:6</span> [ &#8230;6]
      #<span class=sf-dump-protected title=\"Protected property\">original</span>: <span class=sf-dump-note>array:6</span> [ &#8230;6]
      #<span class=sf-dump-protected title=\"Protected property\">changes</span>: []
      #<span class=sf-dump-protected title=\"Protected property\">casts</span>: []
      #<span class=sf-dump-protected title=\"Protected property\">classCastCache</span>: []
      #<span class=sf-dump-protected title=\"Protected property\">attributeCastCache</span>: []
      #<span class=sf-dump-protected title=\"Protected property\">dateFormat</span>: <span class=sf-dump-const>null</span>
      #<span class=sf-dump-protected title=\"Protected property\">appends</span>: []
      #<span class=sf-dump-protected title=\"Protected property\">dispatchesEvents</span>: []
      #<span class=sf-dump-protected title=\"Protected property\">observables</span>: []
      #<span class=sf-dump-protected title=\"Protected property\">relations</span>: []
      #<span class=sf-dump-protected title=\"Protected property\">touches</span>: []
      +<span class=sf-dump-public title=\"Public property\">timestamps</span>: <span class=sf-dump-const>true</span>
      +<span class=sf-dump-public title=\"Public property\">usesUniqueIds</span>: <span class=sf-dump-const>false</span>
      #<span class=sf-dump-protected title=\"Protected property\">hidden</span>: []
      #<span class=sf-dump-protected title=\"Protected property\">visible</span>: []
      #<span class=sf-dump-protected title=\"Protected property\">fillable</span>: []
      #<span class=sf-dump-protected title=\"Protected property\">guarded</span>: <span class=sf-dump-note>array:1</span> [ &#8230;1]
    </samp>}
    <span class=sf-dump-index>1</span> => <span class=\"sf-dump-note sf-dump-ellipsization\" title=\"App\\Models\\Matkul
\"><span class=\"sf-dump-ellipsis sf-dump-ellipsis-note\">App\\Models</span><span class=\"sf-dump-ellipsis sf-dump-ellipsis-note\">\\</span><span class=\"sf-dump-ellipsis-tail\">Matkul</span></span> {<a class=sf-dump-ref>#988</a><samp data-depth=3 class=sf-dump-compact>
      #<span class=sf-dump-protected title=\"Protected property\">connection</span>: \"<span class=sf-dump-str title=\"5 characters\">mysql</span>\"
      #<span class=sf-dump-protected title=\"Protected property\">table</span>: \"<span class=sf-dump-str title=\"7 characters\">matkuls</span>\"
      #<span class=sf-dump-protected title=\"Protected property\">primaryKey</span>: \"<span class=sf-dump-str title=\"2 characters\">id</span>\"
      #<span class=sf-dump-protected title=\"Protected property\">keyType</span>: \"<span class=sf-dump-str title=\"3 characters\">int</span>\"
      +<span class=sf-dump-public title=\"Public property\">incrementing</span>: <span class=sf-dump-const>true</span>
      #<span class=sf-dump-protected title=\"Protected property\">with</span>: []
      #<span class=sf-dump-protected title=\"Protected property\">withCount</span>: []
      +<span class=sf-dump-public title=\"Public property\">preventsLazyLoading</span>: <span class=sf-dump-const>false</span>
      #<span class=sf-dump-protected title=\"Protected property\">perPage</span>: <span class=sf-dump-num>15</span>
      +<span class=sf-dump-public title=\"Public property\">exists</span>: <span class=sf-dump-const>true</span>
      +<span class=sf-dump-public title=\"Public property\">wasRecentlyCreated</span>: <span class=sf-dump-const>false</span>
      #<span class=sf-dump-protected title=\"Protected property\">escapeWhenCastingToString</span>: <span class=sf-dump-const>false</span>
      #<span class=sf-dump-protected title=\"Protected property\">attributes</span>: <span class=sf-dump-note>array:6</span> [ &#8230;6]
      #<span class=sf-dump-protected title=\"Protected property\">original</span>: <span class=sf-dump-note>array:6</span> [ &#8230;6]
      #<span class=sf-dump-protected title=\"Protected property\">changes</span>: []
      #<span class=sf-dump-protected title=\"Protected property\">casts</span>: []
      #<span class=sf-dump-protected title=\"Protected property\">classCastCache</span>: []
      #<span class=sf-dump-protected title=\"Protected property\">attributeCastCache</span>: []
      #<span class=sf-dump-protected title=\"Protected property\">dateFormat</span>: <span class=sf-dump-const>null</span>
      #<span class=sf-dump-protected title=\"Protected property\">appends</span>: []
      #<span class=sf-dump-protected title=\"Protected property\">dispatchesEvents</span>: []
      #<span class=sf-dump-protected title=\"Protected property\">observables</span>: []
      #<span class=sf-dump-protected title=\"Protected property\">relations</span>: []
      #<span class=sf-dump-protected title=\"Protected property\">touches</span>: []
      +<span class=sf-dump-public title=\"Public property\">timestamps</span>: <span class=sf-dump-const>true</span>
      +<span class=sf-dump-public title=\"Public property\">usesUniqueIds</span>: <span class=sf-dump-const>false</span>
      #<span class=sf-dump-protected title=\"Protected property\">hidden</span>: []
      #<span class=sf-dump-protected title=\"Protected property\">visible</span>: []
      #<span class=sf-dump-protected title=\"Protected property\">fillable</span>: []
      #<span class=sf-dump-protected title=\"Protected property\">guarded</span>: <span class=sf-dump-note>array:1</span> [ &#8230;1]
    </samp>}
  </samp>]
  #<span class=sf-dump-protected title=\"Protected property\">escapeWhenCastingToString</span>: <span class=sf-dump-const>false</span>
</samp>}
</pre><script>Sfdump(\"sf-dump-1951557026\", {\"maxDepth\":3,\"maxStringLength\":160})</script>
"}},"exception":"[object] (Spatie\\LaravelIgnition\\Exceptions\\ViewException(code: 0): Undefined variable $mahasiswa at C:/laragon/www/kampus-app/resources/views/matkul/index.blade.php:18)
[stacktrace]
#0 C:/laragon/www/kampus-app/vendor/laravel/framework/src/Illuminate/Filesystem/Filesystem.php(123): require('C://laragon//www//...')
#1 C:/laragon/www/kampus-app/vendor/laravel/framework/src/Illuminate/Filesystem/Filesystem.php(124): Illuminate/Filesystem/Filesystem::Illuminate/Filesystem/{closure}()
#2 C:/laragon/www/kampus-app/vendor/laravel/framework/src/Illuminate/View/Engines/PhpEngine.php(58): Illuminate/Filesystem/Filesystem->getRequire('C://laragon//www//...', Array)
#3 C:/laragon/www/kampus-app/vendor/laravel/framework/src/Illuminate/View/Engines/CompilerEngine.php(72): Illuminate/View/Engines/PhpEngine->evaluatePath('C://laragon//www//...', Array)
#4 C:/laragon/www/kampus-app/vendor/laravel/framework/src/Illuminate/View/View.php(207): Illuminate/View/Engines/CompilerEngine->get('C://laragon//www//...', Array)
#5 C:/laragon/www/kampus-app/vendor/laravel/framework/src/Illuminate/View/View.php(190): Illuminate/View/View->getContents()
#6 C:/laragon/www/kampus-app/vendor/laravel/framework/src/Illuminate/View/View.php(159): Illuminate/View/View->renderContents()
#7 C:/laragon/www/kampus-app/vendor/laravel/framework/src/Illuminate/Http/Response.php(69): Illuminate/View/View->render()
#8 C:/laragon/www/kampus-app/vendor/laravel/framework/src/Illuminate/Http/Response.php(35): Illuminate/Http/Response->setContent(Object(Illuminate/View/View))
#9 C:/laragon/www/kampus-app/vendor/laravel/framework/src/Illuminate/Routing/Router.php(918): Illuminate/Http/Response->__construct(Object(Illuminate/View/View), 200, Array)
#10 C:/laragon/www/kampus-app/vendor/laravel/framework/src/Illuminate/Routing/Router.php(885): Illuminate/Routing/Router::toResponse(Object(Illuminate/Http/Request), Object(Illuminate/View/View))
#11 C:/laragon/www/kampus-app/vendor/laravel/framework/src/Illuminate/Routing/Router.php(806): Illuminate/Routing/Router->prepareResponse(Object(Illuminate/Http/Request), Object(Illuminate/View/View))
#12 C:/laragon/www/kampus-app/vendor/laravel/framework/src/Illuminate/Pipeline/Pipeline.php(144): Illuminate/Routing/Router->Illuminate/Routing/{closure}(Object(Illuminate/Http/Request))
#13 C:/laragon/www/kampus-app/vendor/laravel/framework/src/Illuminate/Routing/Middleware/SubstituteBindings.php(50): Illuminate/Pipeline/Pipeline->Illuminate/Pipeline/{closure}(Object(Illuminate/Http/Request))
#14 C:/laragon/www/kampus-app/vendor/laravel/framework/src/Illuminate/Pipeline/Pipeline.php(183): Illuminate/Routing/Middleware/SubstituteBindings->handle(Object(Illuminate/Http/Request), Object(Closure))
#15 C:/laragon/www/kampus-app/vendor/laravel/framework/src/Illuminate/Foundation/Http/Middleware/VerifyCsrfToken.php(78): Illuminate/Pipeline/Pipeline->Illuminate/Pipeline/{closure}(Object(Illuminate/Http/Request))
#16 C:/laragon/www/kampus-app/vendor/laravel/framework/src/Illuminate/Pipeline/Pipeline.php(183): Illuminate/Foundation/Http/Middleware/VerifyCsrfToken->handle(Object(Illuminate/Http/Request), Object(Closure))
#17 C:/laragon/www/kampus-app/vendor/laravel/framework/src/Illuminate/View/Middleware/ShareErrorsFromSession.php(49): Illuminate/Pipeline/Pipeline->Illuminate/Pipeline/{closure}(Object(Illuminate/Http/Request))
#18 C:/laragon/www/kampus-app/vendor/laravel/framework/src/Illuminate/Pipeline/Pipeline.php(183): Illuminate/View/Middleware/ShareErrorsFromSession->handle(Object(Illuminate/Http/Request), Object(Closure))
#19 C:/laragon/www/kampus-app/vendor/laravel/framework/src/Illuminate/Session/Middleware/StartSession.php(121): Illuminate/Pipeline/Pipeline->Illuminate/Pipeline/{closure}(Object(Illuminate/Http/Request))
#20 C:/laragon/www/kampus-app/vendor/laravel/framework/src/Illuminate/Session/Middleware/StartSession.php(64): Illuminate/Session/Middleware/StartSession->handleStatefulRequest(Object(Illuminate/Http/Request), Object(Illuminate/Session/Store), Object(Closure))
#21 C:/laragon/www/kampus-app/vendor/laravel/framework/src/Illuminate/Pipeline/Pipeline.php(183): Illuminate/Session/Middleware/StartSession->handle(Object(Illuminate/Http/Request), Object(Closure))
#22 C:/laragon/www/kampus-app/vendor/laravel/framework/src/Illuminate/Cookie/Middleware/AddQueuedCookiesToResponse.php(37): Illuminate/Pipeline/Pipeline->Illuminate/Pipeline/{closure}(Object(Illuminate/Http/Request))
#23 C:/laragon/www/kampus-app/vendor/laravel/framework/src/Illuminate/Pipeline/Pipeline.php(183): Illuminate/Cookie/Middleware/AddQueuedCookiesToResponse->handle(Object(Illuminate/Http/Request), Object(Closure))
#24 C:/laragon/www/kampus-app/vendor/laravel/framework/src/Illuminate/Cookie/Middleware/EncryptCookies.php(67): Illuminate/Pipeline/Pipeline->Illuminate/Pipeline/{closure}(Object(Illuminate/Http/Request))
#25 C:/laragon/www/kampus-app/vendor/laravel/framework/src/Illuminate/Pipeline/Pipeline.php(183): Illuminate/Cookie/Middleware/EncryptCookies->handle(Object(Illuminate/Http/Request), Object(Closure))
#26 C:/laragon/www/kampus-app/vendor/laravel/framework/src/Illuminate/Pipeline/Pipeline.php(119): Illuminate/Pipeline/Pipeline->Illuminate/Pipeline/{closure}(Object(Illuminate/Http/Request))
#27 C:/laragon/www/kampus-app/vendor/laravel/framework/src/Illuminate/Routing/Router.php(807): Illuminate/Pipeline/Pipeline->then(Object(Closure))
#28 C:/laragon/www/kampus-app/vendor/laravel/framework/src/Illuminate/Routing/Router.php(784): Illuminate/Routing/Router->runRouteWithinStack(Object(Illuminate/Routing/Route), Object(Illuminate/Http/Request))
#29 C:/laragon/www/kampus-app/vendor/laravel/framework/src/Illuminate/Routing/Router.php(748): Illuminate/Routing/Router->runRoute(Object(Illuminate/Http/Request), Object(Illuminate/Routing/Route))
#30 C:/laragon/www/kampus-app/vendor/laravel/framework/src/Illuminate/Routing/Router.php(737): Illuminate/Routing/Router->dispatchToRoute(Object(Illuminate/Http/Request))
#31 C:/laragon/www/kampus-app/vendor/laravel/framework/src/Illuminate/Foundation/Http/Kernel.php(200): Illuminate/Routing/Router->dispatch(Object(Illuminate/Http/Request))
#32 C:/laragon/www/kampus-app/vendor/laravel/framework/src/Illuminate/Pipeline/Pipeline.php(144): Illuminate/Foundation/Http/Kernel->Illuminate/Foundation/Http/{closure}(Object(Illuminate/Http/Request))
#33 C:/laragon/www/kampus-app/vendor/laravel/framework/src/Illuminate/Foundation/Http/Middleware/TransformsRequest.php(21): Illuminate/Pipeline/Pipeline->Illuminate/Pipeline/{closure}(Object(Illuminate/Http/Request))
#34 C:/laragon/www/kampus-app/vendor/laravel/framework/src/Illuminate/Foundation/Http/Middleware/ConvertEmptyStringsToNull.php(31): Illuminate/Foundation/Http/Middleware/TransformsRequest->handle(Object(Illuminate/Http/Request), Object(Closure))
#35 C:/laragon/www/kampus-app/vendor/laravel/framework/src/Illuminate/Pipeline/Pipeline.php(183): Illuminate/Foundation/Http/Middleware/ConvertEmptyStringsToNull->handle(Object(Illuminate/Http/Request), Object(Closure))
#36 C:/laragon/www/kampus-app/vendor/laravel/framework/src/Illuminate/Foundation/Http/Middleware/TransformsRequest.php(21): Illuminate/Pipeline/Pipeline->Illuminate/Pipeline/{closure}(Object(Illuminate/Http/Request))
#37 C:/laragon/www/kampus-app/vendor/laravel/framework/src/Illuminate/Foundation/Http/Middleware/TrimStrings.php(40): Illuminate/Foundation/Http/Middleware/TransformsRequest->handle(Object(Illuminate/Http/Request), Object(Closure))
#38 C:/laragon/www/kampus-app/vendor/laravel/framework/src/Illuminate/Pipeline/Pipeline.php(183): Illuminate/Foundation/Http/Middleware/TrimStrings->handle(Object(Illuminate/Http/Request), Object(Closure))
#39 C:/laragon/www/kampus-app/vendor/laravel/framework/src/Illuminate/Foundation/Http/Middleware/ValidatePostSize.php(27): Illuminate/Pipeline/Pipeline->Illuminate/Pipeline/{closure}(Object(Illuminate/Http/Request))
#40 C:/laragon/www/kampus-app/vendor/laravel/framework/src/Illuminate/Pipeline/Pipeline.php(183): Illuminate/Foundation/Http/Middleware/ValidatePostSize->handle(Object(Illuminate/Http/Request), Object(Closure))
#41 C:/laragon/www/kampus-app/vendor/laravel/framework/src/Illuminate/Foundation/Http/Middleware/PreventRequestsDuringMaintenance.php(99): Illuminate/Pipeline/Pipeline->Illuminate/Pipeline/{closure}(Object(Illuminate/Http/Request))
#42 C:/laragon/www/kampus-app/vendor/laravel/framework/src/Illuminate/Pipeline/Pipeline.php(183): Illuminate/Foundation/Http/Middleware/PreventRequestsDuringMaintenance->handle(Object(Illuminate/Http/Request), Object(Closure))
#43 C:/laragon/www/kampus-app/vendor/laravel/framework/src/Illuminate/Http/Middleware/HandleCors.php(49): Illuminate/Pipeline/Pipeline->Illuminate/Pipeline/{closure}(Object(Illuminate/Http/Request))
#44 C:/laragon/www/kampus-app/vendor/laravel/framework/src/Illuminate/Pipeline/Pipeline.php(183): Illuminate/Http/Middleware/HandleCors->handle(Object(Illuminate/Http/Request), Object(Closure))
#45 C:/laragon/www/kampus-app/vendor/laravel/framework/src/Illuminate/Http/Middleware/TrustProxies.php(39): Illuminate/Pipeline/Pipeline->Illuminate/Pipeline/{closure}(Object(Illuminate/Http/Request))
#46 C:/laragon/www/kampus-app/vendor/laravel/framework/src/Illuminate/Pipeline/Pipeline.php(183): Illuminate/Http/Middleware/TrustProxies->handle(Object(Illuminate/Http/Request), Object(Closure))
#47 C:/laragon/www/kampus-app/vendor/laravel/framework/src/Illuminate/Pipeline/Pipeline.php(119): Illuminate/Pipeline/Pipeline->Illuminate/Pipeline/{closure}(Object(Illuminate/Http/Request))
#48 C:/laragon/www/kampus-app/vendor/laravel/framework/src/Illuminate/Foundation/Http/Kernel.php(175): Illuminate/Pipeline/Pipeline->then(Object(Closure))
#49 C:/laragon/www/kampus-app/vendor/laravel/framework/src/Illuminate/Foundation/Http/Kernel.php(144): Illuminate/Foundation/Http/Kernel->sendRequestThroughRouter(Object(Illuminate/Http/Request))
#50 C:/laragon/www/kampus-app/public/index.php(52): Illuminate/Foundation/Http/Kernel->handle(Object(Illuminate/Http/Request))
#51 C:/laragon/www/kampus-app/vendor/laravel/framework/src/Illuminate/Foundation/resources/server.php(16): require_once('C://laragon//www//...')
#52 {main}

[previous exception] [object] (ErrorException(code: 0): Undefined variable $mahasiswa at C:/laragon/www/kampus-app/storage/framework/views/1e520012d62bdd3eee84bc35beb6d604.php:18)
[stacktrace]
#0 C:/laragon/www/kampus-app/vendor/laravel/framework/src/Illuminate/Foundation/Bootstrap/HandleExceptions.php(255): Illuminate/Foundation/Bootstrap/HandleExceptions->handleError(2, 'Undefined varia...', 'C://laragon//www//...', 18)
#1 C:/laragon/www/kampus-app/storage/framework/views/1e520012d62bdd3eee84bc35beb6d604.php(18): Illuminate/Foundation/Bootstrap/HandleExceptions->Illuminate/Foundation/Bootstrap/{closure}(2, 'Undefined varia...', 'C://laragon//www//...', 18)
#2 C:/laragon/www/kampus-app/vendor/laravel/framework/src/Illuminate/Filesystem/Filesystem.php(123): require('C://laragon//www//...')
#3 C:/laragon/www/kampus-app/vendor/laravel/framework/src/Illuminate/Filesystem/Filesystem.php(124): Illuminate/Filesystem/Filesystem::Illuminate/Filesystem/{closure}()
#4 C:/laragon/www/kampus-app/vendor/laravel/framework/src/Illuminate/View/Engines/PhpEngine.php(58): Illuminate/Filesystem/Filesystem->getRequire('C://laragon//www//...', Array)
#5 C:/laragon/www/kampus-app/vendor/laravel/framework/src/Illuminate/View/Engines/CompilerEngine.php(72): Illuminate/View/Engines/PhpEngine->evaluatePath('C://laragon//www//...', Array)
#6 C:/laragon/www/kampus-app/vendor/laravel/framework/src/Illuminate/View/View.php(207): Illuminate/View/Engines/CompilerEngine->get('C://laragon//www//...', Array)
#7 C:/laragon/www/kampus-app/vendor/laravel/framework/src/Illuminate/View/View.php(190): Illuminate/View/View->getContents()
#8 C:/laragon/www/kampus-app/vendor/laravel/framework/src/Illuminate/View/View.php(159): Illuminate/View/View->renderContents()
#9 C:/laragon/www/kampus-app/vendor/laravel/framework/src/Illuminate/Http/Response.php(69): Illuminate/View/View->render()
#10 C:/laragon/www/kampus-app/vendor/laravel/framework/src/Illuminate/Http/Response.php(35): Illuminate/Http/Response->setContent(Object(Illuminate/View/View))
#11 C:/laragon/www/kampus-app/vendor/laravel/framework/src/Illuminate/Routing/Router.php(918): Illuminate/Http/Response->__construct(Object(Illuminate/View/View), 200, Array)
#12 C:/laragon/www/kampus-app/vendor/laravel/framework/src/Illuminate/Routing/Router.php(885): Illuminate/Routing/Router::toResponse(Object(Illuminate/Http/Request), Object(Illuminate/View/View))
#13 C:/laragon/www/kampus-app/vendor/laravel/framework/src/Illuminate/Routing/Router.php(806): Illuminate/Routing/Router->prepareResponse(Object(Illuminate/Http/Request), Object(Illuminate/View/View))
#14 C:/laragon/www/kampus-app/vendor/laravel/framework/src/Illuminate/Pipeline/Pipeline.php(144): Illuminate/Routing/Router->Illuminate/Routing/{closure}(Object(Illuminate/Http/Request))
#15 C:/laragon/www/kampus-app/vendor/laravel/framework/src/Illuminate/Routing/Middleware/SubstituteBindings.php(50): Illuminate/Pipeline/Pipeline->Illuminate/Pipeline/{closure}(Object(Illuminate/Http/Request))
#16 C:/laragon/www/kampus-app/vendor/laravel/framework/src/Illuminate/Pipeline/Pipeline.php(183): Illuminate/Routing/Middleware/SubstituteBindings->handle(Object(Illuminate/Http/Request), Object(Closure))
#17 C:/laragon/www/kampus-app/vendor/laravel/framework/src/Illuminate/Foundation/Http/Middleware/VerifyCsrfToken.php(78): Illuminate/Pipeline/Pipeline->Illuminate/Pipeline/{closure}(Object(Illuminate/Http/Request))
#18 C:/laragon/www/kampus-app/vendor/laravel/framework/src/Illuminate/Pipeline/Pipeline.php(183): Illuminate/Foundation/Http/Middleware/VerifyCsrfToken->handle(Object(Illuminate/Http/Request), Object(Closure))
#19 C:/laragon/www/kampus-app/vendor/laravel/framework/src/Illuminate/View/Middleware/ShareErrorsFromSession.php(49): Illuminate/Pipeline/Pipeline->Illuminate/Pipeline/{closure}(Object(Illuminate/Http/Request))
#20 C:/laragon/www/kampus-app/vendor/laravel/framework/src/Illuminate/Pipeline/Pipeline.php(183): Illuminate/View/Middleware/ShareErrorsFromSession->handle(Object(Illuminate/Http/Request), Object(Closure))
#21 C:/laragon/www/kampus-app/vendor/laravel/framework/src/Illuminate/Session/Middleware/StartSession.php(121): Illuminate/Pipeline/Pipeline->Illuminate/Pipeline/{closure}(Object(Illuminate/Http/Request))
#22 C:/laragon/www/kampus-app/vendor/laravel/framework/src/Illuminate/Session/Middleware/StartSession.php(64): Illuminate/Session/Middleware/StartSession->handleStatefulRequest(Object(Illuminate/Http/Request), Object(Illuminate/Session/Store), Object(Closure))
#23 C:/laragon/www/kampus-app/vendor/laravel/framework/src/Illuminate/Pipeline/Pipeline.php(183): Illuminate/Session/Middleware/StartSession->handle(Object(Illuminate/Http/Request), Object(Closure))
#24 C:/laragon/www/kampus-app/vendor/laravel/framework/src/Illuminate/Cookie/Middleware/AddQueuedCookiesToResponse.php(37): Illuminate/Pipeline/Pipeline->Illuminate/Pipeline/{closure}(Object(Illuminate/Http/Request))
#25 C:/laragon/www/kampus-app/vendor/laravel/framework/src/Illuminate/Pipeline/Pipeline.php(183): Illuminate/Cookie/Middleware/AddQueuedCookiesToResponse->handle(Object(Illuminate/Http/Request), Object(Closure))
#26 C:/laragon/www/kampus-app/vendor/laravel/framework/src/Illuminate/Cookie/Middleware/EncryptCookies.php(67): Illuminate/Pipeline/Pipeline->Illuminate/Pipeline/{closure}(Object(Illuminate/Http/Request))
#27 C:/laragon/www/kampus-app/vendor/laravel/framework/src/Illuminate/Pipeline/Pipeline.php(183): Illuminate/Cookie/Middleware/EncryptCookies->handle(Object(Illuminate/Http/Request), Object(Closure))
#28 C:/laragon/www/kampus-app/vendor/laravel/framework/src/Illuminate/Pipeline/Pipeline.php(119): Illuminate/Pipeline/Pipeline->Illuminate/Pipeline/{closure}(Object(Illuminate/Http/Request))
#29 C:/laragon/www/kampus-app/vendor/laravel/framework/src/Illuminate/Routing/Router.php(807): Illuminate/Pipeline/Pipeline->then(Object(Closure))
#30 C:/laragon/www/kampus-app/vendor/laravel/framework/src/Illuminate/Routing/Router.php(784): Illuminate/Routing/Router->runRouteWithinStack(Object(Illuminate/Routing/Route), Object(Illuminate/Http/Request))
#31 C:/laragon/www/kampus-app/vendor/laravel/framework/src/Illuminate/Routing/Router.php(748): Illuminate/Routing/Router->runRoute(Object(Illuminate/Http/Request), Object(Illuminate/Routing/Route))
#32 C:/laragon/www/kampus-app/vendor/laravel/framework/src/Illuminate/Routing/Router.php(737): Illuminate/Routing/Router->dispatchToRoute(Object(Illuminate/Http/Request))
#33 C:/laragon/www/kampus-app/vendor/laravel/framework/src/Illuminate/Foundation/Http/Kernel.php(200): Illuminate/Routing/Router->dispatch(Object(Illuminate/Http/Request))
#34 C:/laragon/www/kampus-app/vendor/laravel/framework/src/Illuminate/Pipeline/Pipeline.php(144): Illuminate/Foundation/Http/Kernel->Illuminate/Foundation/Http/{closure}(Object(Illuminate/Http/Request))
#35 C:/laragon/www/kampus-app/vendor/laravel/framework/src/Illuminate/Foundation/Http/Middleware/TransformsRequest.php(21): Illuminate/Pipeline/Pipeline->Illuminate/Pipeline/{closure}(Object(Illuminate/Http/Request))
#36 C:/laragon/www/kampus-app/vendor/laravel/framework/src/Illuminate/Foundation/Http/Middleware/ConvertEmptyStringsToNull.php(31): Illuminate/Foundation/Http/Middleware/TransformsRequest->handle(Object(Illuminate/Http/Request), Object(Closure))
#37 C:/laragon/www/kampus-app/vendor/laravel/framework/src/Illuminate/Pipeline/Pipeline.php(183): Illuminate/Foundation/Http/Middleware/ConvertEmptyStringsToNull->handle(Object(Illuminate/Http/Request), Object(Closure))
#38 C:/laragon/www/kampus-app/vendor/laravel/framework/src/Illuminate/Foundation/Http/Middleware/TransformsRequest.php(21): Illuminate/Pipeline/Pipeline->Illuminate/Pipeline/{closure}(Object(Illuminate/Http/Request))
#39 C:/laragon/www/kampus-app/vendor/laravel/framework/src/Illuminate/Foundation/Http/Middleware/TrimStrings.php(40): Illuminate/Foundation/Http/Middleware/TransformsRequest->handle(Object(Illuminate/Http/Request), Object(Closure))
#40 C:/laragon/www/kampus-app/vendor/laravel/framework/src/Illuminate/Pipeline/Pipeline.php(183): Illuminate/Foundation/Http/Middleware/TrimStrings->handle(Object(Illuminate/Http/Request), Object(Closure))
#41 C:/laragon/www/kampus-app/vendor/laravel/framework/src/Illuminate/Foundation/Http/Middleware/ValidatePostSize.php(27): Illuminate/Pipeline/Pipeline->Illuminate/Pipeline/{closure}(Object(Illuminate/Http/Request))
#42 C:/laragon/www/kampus-app/vendor/laravel/framework/src/Illuminate/Pipeline/Pipeline.php(183): Illuminate/Foundation/Http/Middleware/ValidatePostSize->handle(Object(Illuminate/Http/Request), Object(Closure))
#43 C:/laragon/www/kampus-app/vendor/laravel/framework/src/Illuminate/Foundation/Http/Middleware/PreventRequestsDuringMaintenance.php(99): Illuminate/Pipeline/Pipeline->Illuminate/Pipeline/{closure}(Object(Illuminate/Http/Request))
#44 C:/laragon/www/kampus-app/vendor/laravel/framework/src/Illuminate/Pipeline/Pipeline.php(183): Illuminate/Foundation/Http/Middleware/PreventRequestsDuringMaintenance->handle(Object(Illuminate/Http/Request), Object(Closure))
#45 C:/laragon/www/kampus-app/vendor/laravel/framework/src/Illuminate/Http/Middleware/HandleCors.php(49): Illuminate/Pipeline/Pipeline->Illuminate/Pipeline/{closure}(Object(Illuminate/Http/Request))
#46 C:/laragon/www/kampus-app/vendor/laravel/framework/src/Illuminate/Pipeline/Pipeline.php(183): Illuminate/Http/Middleware/HandleCors->handle(Object(Illuminate/Http/Request), Object(Closure))
#47 C:/laragon/www/kampus-app/vendor/laravel/framework/src/Illuminate/Http/Middleware/TrustProxies.php(39): Illuminate/Pipeline/Pipeline->Illuminate/Pipeline/{closure}(Object(Illuminate/Http/Request))
#48 C:/laragon/www/kampus-app/vendor/laravel/framework/src/Illuminate/Pipeline/Pipeline.php(183): Illuminate/Http/Middleware/TrustProxies->handle(Object(Illuminate/Http/Request), Object(Closure))
#49 C:/laragon/www/kampus-app/vendor/laravel/framework/src/Illuminate/Pipeline/Pipeline.php(119): Illuminate/Pipeline/Pipeline->Illuminate/Pipeline/{closure}(Object(Illuminate/Http/Request))
#50 C:/laragon/www/kampus-app/vendor/laravel/framework/src/Illuminate/Foundation/Http/Kernel.php(175): Illuminate/Pipeline/Pipeline->then(Object(Closure))
#51 C:/laragon/www/kampus-app/vendor/laravel/framework/src/Illuminate/Foundation/Http/Kernel.php(144): Illuminate/Foundation/Http/Kernel->sendRequestThroughRouter(Object(Illuminate/Http/Request))
#52 C:/laragon/www/kampus-app/public/index.php(52): Illuminate/Foundation/Http/Kernel->handle(Object(Illuminate/Http/Request))
#53 C:/laragon/www/kampus-app/vendor/laravel/framework/src/Illuminate/Foundation/resources/server.php(16): require_once('C://laragon//www//...')
#54 {main}
"} 
[2026-03-08 15:16:05] local.ERROR: Undefined variable $mahasiswa {"view":{"view":"C:\\laragon\\www\\kampus-app\\resources\\views\\matkul\\index.blade.php","data":{"errors":"<pre class=sf-dump id=sf-dump-526702831 data-indent-pad=\"  \"><span class=sf-dump-note>Illuminate\\Support\\ViewErrorBag</span> {<a class=sf-dump-ref>#282</a><samp data-depth=1 class=sf-dump-expanded>
  #<span class=sf-dump-protected title=\"Protected property\">bags</span>: []
</samp>}
</pre><script>Sfdump(\"sf-dump-526702831\", {\"maxDepth\":3,\"maxStringLength\":160})</script>
","matkul":"<pre class=sf-dump id=sf-dump-1439550018 data-indent-pad=\"  \"><span class=sf-dump-note>Illuminate\\Database\\Eloquent\\Collection</span> {<a class=sf-dump-ref>#985</a><samp data-depth=1 class=sf-dump-expanded>
  #<span class=sf-dump-protected title=\"Protected property\">items</span>: <span class=sf-dump-note>array:2</span> [<samp data-depth=2 class=sf-dump-compact>
    <span class=sf-dump-index>0</span> => <span class=\"sf-dump-note sf-dump-ellipsization\" title=\"App\\Models\\Matkul
\"><span class=\"sf-dump-ellipsis sf-dump-ellipsis-note\">App\\Models</span><span class=\"sf-dump-ellipsis sf-dump-ellipsis-note\">\\</span><span class=\"sf-dump-ellipsis-tail\">Matkul</span></span> {<a class=sf-dump-ref>#987</a><samp data-depth=3 class=sf-dump-compact>
      #<span class=sf-dump-protected title=\"Protected property\">connection</span>: \"<span class=sf-dump-str title=\"5 characters\">mysql</span>\"
      #<span class=sf-dump-protected title=\"Protected property\">table</span>: \"<span class=sf-dump-str title=\"7 characters\">matkuls</span>\"
      #<span class=sf-dump-protected title=\"Protected property\">primaryKey</span>: \"<span class=sf-dump-str title=\"2 characters\">id</span>\"
      #<span class=sf-dump-protected title=\"Protected property\">keyType</span>: \"<span class=sf-dump-str title=\"3 characters\">int</span>\"
      +<span class=sf-dump-public title=\"Public property\">incrementing</span>: <span class=sf-dump-const>true</span>
      #<span class=sf-dump-protected title=\"Protected property\">with</span>: []
      #<span class=sf-dump-protected title=\"Protected property\">withCount</span>: []
      +<span class=sf-dump-public title=\"Public property\">preventsLazyLoading</span>: <span class=sf-dump-const>false</span>
      #<span class=sf-dump-protected title=\"Protected property\">perPage</span>: <span class=sf-dump-num>15</span>
      +<span class=sf-dump-public title=\"Public property\">exists</span>: <span class=sf-dump-const>true</span>
      +<span class=sf-dump-public title=\"Public property\">wasRecentlyCreated</span>: <span class=sf-dump-const>false</span>
      #<span class=sf-dump-protected title=\"Protected property\">escapeWhenCastingToString</span>: <span class=sf-dump-const>false</span>
      #<span class=sf-dump-protected title=\"Protected property\">attributes</span>: <span class=sf-dump-note>array:6</span> [ &#8230;6]
      #<span class=sf-dump-protected title=\"Protected property\">original</span>: <span class=sf-dump-note>array:6</span> [ &#8230;6]
      #<span class=sf-dump-protected title=\"Protected property\">changes</span>: []
      #<span class=sf-dump-protected title=\"Protected property\">casts</span>: []
      #<span class=sf-dump-protected title=\"Protected property\">classCastCache</span>: []
      #<span class=sf-dump-protected title=\"Protected property\">attributeCastCache</span>: []
      #<span class=sf-dump-protected title=\"Protected property\">dateFormat</span>: <span class=sf-dump-const>null</span>
      #<span class=sf-dump-protected title=\"Protected property\">appends</span>: []
      #<span class=sf-dump-protected title=\"Protected property\">dispatchesEvents</span>: []
      #<span class=sf-dump-protected title=\"Protected property\">observables</span>: []
      #<span class=sf-dump-protected title=\"Protected property\">relations</span>: []
      #<span class=sf-dump-protected title=\"Protected property\">touches</span>: []
      +<span class=sf-dump-public title=\"Public property\">timestamps</span>: <span class=sf-dump-const>true</span>
      +<span class=sf-dump-public title=\"Public property\">usesUniqueIds</span>: <span class=sf-dump-const>false</span>
      #<span class=sf-dump-protected title=\"Protected property\">hidden</span>: []
      #<span class=sf-dump-protected title=\"Protected property\">visible</span>: []
      #<span class=sf-dump-protected title=\"Protected property\">fillable</span>: []
      #<span class=sf-dump-protected title=\"Protected property\">guarded</span>: <span class=sf-dump-note>array:1</span> [ &#8230;1]
    </samp>}
    <span class=sf-dump-index>1</span> => <span class=\"sf-dump-note sf-dump-ellipsization\" title=\"App\\Models\\Matkul
\"><span class=\"sf-dump-ellipsis sf-dump-ellipsis-note\">App\\Models</span><span class=\"sf-dump-ellipsis sf-dump-ellipsis-note\">\\</span><span class=\"sf-dump-ellipsis-tail\">Matkul</span></span> {<a class=sf-dump-ref>#988</a><samp data-depth=3 class=sf-dump-compact>
      #<span class=sf-dump-protected title=\"Protected property\">connection</span>: \"<span class=sf-dump-str title=\"5 characters\">mysql</span>\"
      #<span class=sf-dump-protected title=\"Protected property\">table</span>: \"<span class=sf-dump-str title=\"7 characters\">matkuls</span>\"
      #<span class=sf-dump-protected title=\"Protected property\">primaryKey</span>: \"<span class=sf-dump-str title=\"2 characters\">id</span>\"
      #<span class=sf-dump-protected title=\"Protected property\">keyType</span>: \"<span class=sf-dump-str title=\"3 characters\">int</span>\"
      +<span class=sf-dump-public title=\"Public property\">incrementing</span>: <span class=sf-dump-const>true</span>
      #<span class=sf-dump-protected title=\"Protected property\">with</span>: []
      #<span class=sf-dump-protected title=\"Protected property\">withCount</span>: []
      +<span class=sf-dump-public title=\"Public property\">preventsLazyLoading</span>: <span class=sf-dump-const>false</span>
      #<span class=sf-dump-protected title=\"Protected property\">perPage</span>: <span class=sf-dump-num>15</span>
      +<span class=sf-dump-public title=\"Public property\">exists</span>: <span class=sf-dump-const>true</span>
      +<span class=sf-dump-public title=\"Public property\">wasRecentlyCreated</span>: <span class=sf-dump-const>false</span>
      #<span class=sf-dump-protected title=\"Protected property\">escapeWhenCastingToString</span>: <span class=sf-dump-const>false</span>
      #<span class=sf-dump-protected title=\"Protected property\">attributes</span>: <span class=sf-dump-note>array:6</span> [ &#8230;6]
      #<span class=sf-dump-protected title=\"Protected property\">original</span>: <span class=sf-dump-note>array:6</span> [ &#8230;6]
      #<span class=sf-dump-protected title=\"Protected property\">changes</span>: []
      #<span class=sf-dump-protected title=\"Protected property\">casts</span>: []
      #<span class=sf-dump-protected title=\"Protected property\">classCastCache</span>: []
      #<span class=sf-dump-protected title=\"Protected property\">attributeCastCache</span>: []
      #<span class=sf-dump-protected title=\"Protected property\">dateFormat</span>: <span class=sf-dump-const>null</span>
      #<span class=sf-dump-protected title=\"Protected property\">appends</span>: []
      #<span class=sf-dump-protected title=\"Protected property\">dispatchesEvents</span>: []
      #<span class=sf-dump-protected title=\"Protected property\">observables</span>: []
      #<span class=sf-dump-protected title=\"Protected property\">relations</span>: []
      #<span class=sf-dump-protected title=\"Protected property\">touches</span>: []
      +<span class=sf-dump-public title=\"Public property\">timestamps</span>: <span class=sf-dump-const>true</span>
      +<span class=sf-dump-public title=\"Public property\">usesUniqueIds</span>: <span class=sf-dump-const>false</span>
      #<span class=sf-dump-protected title=\"Protected property\">hidden</span>: []
      #<span class=sf-dump-protected title=\"Protected property\">visible</span>: []
      #<span class=sf-dump-protected title=\"Protected property\">fillable</span>: []
      #<span class=sf-dump-protected title=\"Protected property\">guarded</span>: <span class=sf-dump-note>array:1</span> [ &#8230;1]
    </samp>}
  </samp>]
  #<span class=sf-dump-protected title=\"Protected property\">escapeWhenCastingToString</span>: <span class=sf-dump-const>false</span>
</samp>}
</pre><script>Sfdump(\"sf-dump-1439550018\", {\"maxDepth\":3,\"maxStringLength\":160})</script>
"}},"exception":"[object] (Spatie\\LaravelIgnition\\Exceptions\\ViewException(code: 0): Undefined variable $mahasiswa at C:/laragon/www/kampus-app/resources/views/matkul/index.blade.php:18)
[stacktrace]
#0 C:/laragon/www/kampus-app/vendor/laravel/framework/src/Illuminate/Filesystem/Filesystem.php(123): require('C://laragon//www//...')
#1 C:/laragon/www/kampus-app/vendor/laravel/framework/src/Illuminate/Filesystem/Filesystem.php(124): Illuminate/Filesystem/Filesystem::Illuminate/Filesystem/{closure}()
#2 C:/laragon/www/kampus-app/vendor/laravel/framework/src/Illuminate/View/Engines/PhpEngine.php(58): Illuminate/Filesystem/Filesystem->getRequire('C://laragon//www//...', Array)
#3 C:/laragon/www/kampus-app/vendor/laravel/framework/src/Illuminate/View/Engines/CompilerEngine.php(72): Illuminate/View/Engines/PhpEngine->evaluatePath('C://laragon//www//...', Array)
#4 C:/laragon/www/kampus-app/vendor/laravel/framework/src/Illuminate/View/View.php(207): Illuminate/View/Engines/CompilerEngine->get('C://laragon//www//...', Array)
#5 C:/laragon/www/kampus-app/vendor/laravel/framework/src/Illuminate/View/View.php(190): Illuminate/View/View->getContents()
#6 C:/laragon/www/kampus-app/vendor/laravel/framework/src/Illuminate/View/View.php(159): Illuminate/View/View->renderContents()
#7 C:/laragon/www/kampus-app/vendor/laravel/framework/src/Illuminate/Http/Response.php(69): Illuminate/View/View->render()
#8 C:/laragon/www/kampus-app/vendor/laravel/framework/src/Illuminate/Http/Response.php(35): Illuminate/Http/Response->setContent(Object(Illuminate/View/View))
#9 C:/laragon/www/kampus-app/vendor/laravel/framework/src/Illuminate/Routing/Router.php(918): Illuminate/Http/Response->__construct(Object(Illuminate/View/View), 200, Array)
#10 C:/laragon/www/kampus-app/vendor/laravel/framework/src/Illuminate/Routing/Router.php(885): Illuminate/Routing/Router::toResponse(Object(Illuminate/Http/Request), Object(Illuminate/View/View))
#11 C:/laragon/www/kampus-app/vendor/laravel/framework/src/Illuminate/Routing/Router.php(806): Illuminate/Routing/Router->prepareResponse(Object(Illuminate/Http/Request), Object(Illuminate/View/View))
#12 C:/laragon/www/kampus-app/vendor/laravel/framework/src/Illuminate/Pipeline/Pipeline.php(144): Illuminate/Routing/Router->Illuminate/Routing/{closure}(Object(Illuminate/Http/Request))
#13 C:/laragon/www/kampus-app/vendor/laravel/framework/src/Illuminate/Routing/Middleware/SubstituteBindings.php(50): Illuminate/Pipeline/Pipeline->Illuminate/Pipeline/{closure}(Object(Illuminate/Http/Request))
#14 C:/laragon/www/kampus-app/vendor/laravel/framework/src/Illuminate/Pipeline/Pipeline.php(183): Illuminate/Routing/Middleware/SubstituteBindings->handle(Object(Illuminate/Http/Request), Object(Closure))
#15 C:/laragon/www/kampus-app/vendor/laravel/framework/src/Illuminate/Foundation/Http/Middleware/VerifyCsrfToken.php(78): Illuminate/Pipeline/Pipeline->Illuminate/Pipeline/{closure}(Object(Illuminate/Http/Request))
#16 C:/laragon/www/kampus-app/vendor/laravel/framework/src/Illuminate/Pipeline/Pipeline.php(183): Illuminate/Foundation/Http/Middleware/VerifyCsrfToken->handle(Object(Illuminate/Http/Request), Object(Closure))
#17 C:/laragon/www/kampus-app/vendor/laravel/framework/src/Illuminate/View/Middleware/ShareErrorsFromSession.php(49): Illuminate/Pipeline/Pipeline->Illuminate/Pipeline/{closure}(Object(Illuminate/Http/Request))
#18 C:/laragon/www/kampus-app/vendor/laravel/framework/src/Illuminate/Pipeline/Pipeline.php(183): Illuminate/View/Middleware/ShareErrorsFromSession->handle(Object(Illuminate/Http/Request), Object(Closure))
#19 C:/laragon/www/kampus-app/vendor/laravel/framework/src/Illuminate/Session/Middleware/StartSession.php(121): Illuminate/Pipeline/Pipeline->Illuminate/Pipeline/{closure}(Object(Illuminate/Http/Request))
#20 C:/laragon/www/kampus-app/vendor/laravel/framework/src/Illuminate/Session/Middleware/StartSession.php(64): Illuminate/Session/Middleware/StartSession->handleStatefulRequest(Object(Illuminate/Http/Request), Object(Illuminate/Session/Store), Object(Closure))
#21 C:/laragon/www/kampus-app/vendor/laravel/framework/src/Illuminate/Pipeline/Pipeline.php(183): Illuminate/Session/Middleware/StartSession->handle(Object(Illuminate/Http/Request), Object(Closure))
#22 C:/laragon/www/kampus-app/vendor/laravel/framework/src/Illuminate/Cookie/Middleware/AddQueuedCookiesToResponse.php(37): Illuminate/Pipeline/Pipeline->Illuminate/Pipeline/{closure}(Object(Illuminate/Http/Request))
#23 C:/laragon/www/kampus-app/vendor/laravel/framework/src/Illuminate/Pipeline/Pipeline.php(183): Illuminate/Cookie/Middleware/AddQueuedCookiesToResponse->handle(Object(Illuminate/Http/Request), Object(Closure))
#24 C:/laragon/www/kampus-app/vendor/laravel/framework/src/Illuminate/Cookie/Middleware/EncryptCookies.php(67): Illuminate/Pipeline/Pipeline->Illuminate/Pipeline/{closure}(Object(Illuminate/Http/Request))
#25 C:/laragon/www/kampus-app/vendor/laravel/framework/src/Illuminate/Pipeline/Pipeline.php(183): Illuminate/Cookie/Middleware/EncryptCookies->handle(Object(Illuminate/Http/Request), Object(Closure))
#26 C:/laragon/www/kampus-app/vendor/laravel/framework/src/Illuminate/Pipeline/Pipeline.php(119): Illuminate/Pipeline/Pipeline->Illuminate/Pipeline/{closure}(Object(Illuminate/Http/Request))
#27 C:/laragon/www/kampus-app/vendor/laravel/framework/src/Illuminate/Routing/Router.php(807): Illuminate/Pipeline/Pipeline->then(Object(Closure))
#28 C:/laragon/www/kampus-app/vendor/laravel/framework/src/Illuminate/Routing/Router.php(784): Illuminate/Routing/Router->runRouteWithinStack(Object(Illuminate/Routing/Route), Object(Illuminate/Http/Request))
#29 C:/laragon/www/kampus-app/vendor/laravel/framework/src/Illuminate/Routing/Router.php(748): Illuminate/Routing/Router->runRoute(Object(Illuminate/Http/Request), Object(Illuminate/Routing/Route))
#30 C:/laragon/www/kampus-app/vendor/laravel/framework/src/Illuminate/Routing/Router.php(737): Illuminate/Routing/Router->dispatchToRoute(Object(Illuminate/Http/Request))
#31 C:/laragon/www/kampus-app/vendor/laravel/framework/src/Illuminate/Foundation/Http/Kernel.php(200): Illuminate/Routing/Router->dispatch(Object(Illuminate/Http/Request))
#32 C:/laragon/www/kampus-app/vendor/laravel/framework/src/Illuminate/Pipeline/Pipeline.php(144): Illuminate/Foundation/Http/Kernel->Illuminate/Foundation/Http/{closure}(Object(Illuminate/Http/Request))
#33 C:/laragon/www/kampus-app/vendor/laravel/framework/src/Illuminate/Foundation/Http/Middleware/TransformsRequest.php(21): Illuminate/Pipeline/Pipeline->Illuminate/Pipeline/{closure}(Object(Illuminate/Http/Request))
#34 C:/laragon/www/kampus-app/vendor/laravel/framework/src/Illuminate/Foundation/Http/Middleware/ConvertEmptyStringsToNull.php(31): Illuminate/Foundation/Http/Middleware/TransformsRequest->handle(Object(Illuminate/Http/Request), Object(Closure))
#35 C:/laragon/www/kampus-app/vendor/laravel/framework/src/Illuminate/Pipeline/Pipeline.php(183): Illuminate/Foundation/Http/Middleware/ConvertEmptyStringsToNull->handle(Object(Illuminate/Http/Request), Object(Closure))
#36 C:/laragon/www/kampus-app/vendor/laravel/framework/src/Illuminate/Foundation/Http/Middleware/TransformsRequest.php(21): Illuminate/Pipeline/Pipeline->Illuminate/Pipeline/{closure}(Object(Illuminate/Http/Request))
#37 C:/laragon/www/kampus-app/vendor/laravel/framework/src/Illuminate/Foundation/Http/Middleware/TrimStrings.php(40): Illuminate/Foundation/Http/Middleware/TransformsRequest->handle(Object(Illuminate/Http/Request), Object(Closure))
#38 C:/laragon/www/kampus-app/vendor/laravel/framework/src/Illuminate/Pipeline/Pipeline.php(183): Illuminate/Foundation/Http/Middleware/TrimStrings->handle(Object(Illuminate/Http/Request), Object(Closure))
#39 C:/laragon/www/kampus-app/vendor/laravel/framework/src/Illuminate/Foundation/Http/Middleware/ValidatePostSize.php(27): Illuminate/Pipeline/Pipeline->Illuminate/Pipeline/{closure}(Object(Illuminate/Http/Request))
#40 C:/laragon/www/kampus-app/vendor/laravel/framework/src/Illuminate/Pipeline/Pipeline.php(183): Illuminate/Foundation/Http/Middleware/ValidatePostSize->handle(Object(Illuminate/Http/Request), Object(Closure))
#41 C:/laragon/www/kampus-app/vendor/laravel/framework/src/Illuminate/Foundation/Http/Middleware/PreventRequestsDuringMaintenance.php(99): Illuminate/Pipeline/Pipeline->Illuminate/Pipeline/{closure}(Object(Illuminate/Http/Request))
#42 C:/laragon/www/kampus-app/vendor/laravel/framework/src/Illuminate/Pipeline/Pipeline.php(183): Illuminate/Foundation/Http/Middleware/PreventRequestsDuringMaintenance->handle(Object(Illuminate/Http/Request), Object(Closure))
#43 C:/laragon/www/kampus-app/vendor/laravel/framework/src/Illuminate/Http/Middleware/HandleCors.php(49): Illuminate/Pipeline/Pipeline->Illuminate/Pipeline/{closure}(Object(Illuminate/Http/Request))
#44 C:/laragon/www/kampus-app/vendor/laravel/framework/src/Illuminate/Pipeline/Pipeline.php(183): Illuminate/Http/Middleware/HandleCors->handle(Object(Illuminate/Http/Request), Object(Closure))
#45 C:/laragon/www/kampus-app/vendor/laravel/framework/src/Illuminate/Http/Middleware/TrustProxies.php(39): Illuminate/Pipeline/Pipeline->Illuminate/Pipeline/{closure}(Object(Illuminate/Http/Request))
#46 C:/laragon/www/kampus-app/vendor/laravel/framework/src/Illuminate/Pipeline/Pipeline.php(183): Illuminate/Http/Middleware/TrustProxies->handle(Object(Illuminate/Http/Request), Object(Closure))
#47 C:/laragon/www/kampus-app/vendor/laravel/framework/src/Illuminate/Pipeline/Pipeline.php(119): Illuminate/Pipeline/Pipeline->Illuminate/Pipeline/{closure}(Object(Illuminate/Http/Request))
#48 C:/laragon/www/kampus-app/vendor/laravel/framework/src/Illuminate/Foundation/Http/Kernel.php(175): Illuminate/Pipeline/Pipeline->then(Object(Closure))
#49 C:/laragon/www/kampus-app/vendor/laravel/framework/src/Illuminate/Foundation/Http/Kernel.php(144): Illuminate/Foundation/Http/Kernel->sendRequestThroughRouter(Object(Illuminate/Http/Request))
#50 C:/laragon/www/kampus-app/public/index.php(52): Illuminate/Foundation/Http/Kernel->handle(Object(Illuminate/Http/Request))
#51 C:/laragon/www/kampus-app/vendor/laravel/framework/src/Illuminate/Foundation/resources/server.php(16): require_once('C://laragon//www//...')
#52 {main}

[previous exception] [object] (ErrorException(code: 0): Undefined variable $mahasiswa at C:/laragon/www/kampus-app/storage/framework/views/1e520012d62bdd3eee84bc35beb6d604.php:18)
[stacktrace]
#0 C:/laragon/www/kampus-app/vendor/laravel/framework/src/Illuminate/Foundation/Bootstrap/HandleExceptions.php(255): Illuminate/Foundation/Bootstrap/HandleExceptions->handleError(2, 'Undefined varia...', 'C://laragon//www//...', 18)
#1 C:/laragon/www/kampus-app/storage/framework/views/1e520012d62bdd3eee84bc35beb6d604.php(18): Illuminate/Foundation/Bootstrap/HandleExceptions->Illuminate/Foundation/Bootstrap/{closure}(2, 'Undefined varia...', 'C://laragon//www//...', 18)
#2 C:/laragon/www/kampus-app/vendor/laravel/framework/src/Illuminate/Filesystem/Filesystem.php(123): require('C://laragon//www//...')
#3 C:/laragon/www/kampus-app/vendor/laravel/framework/src/Illuminate/Filesystem/Filesystem.php(124): Illuminate/Filesystem/Filesystem::Illuminate/Filesystem/{closure}()
#4 C:/laragon/www/kampus-app/vendor/laravel/framework/src/Illuminate/View/Engines/PhpEngine.php(58): Illuminate/Filesystem/Filesystem->getRequire('C://laragon//www//...', Array)
#5 C:/laragon/www/kampus-app/vendor/laravel/framework/src/Illuminate/View/Engines/CompilerEngine.php(72): Illuminate/View/Engines/PhpEngine->evaluatePath('C://laragon//www//...', Array)
#6 C:/laragon/www/kampus-app/vendor/laravel/framework/src/Illuminate/View/View.php(207): Illuminate/View/Engines/CompilerEngine->get('C://laragon//www//...', Array)
#7 C:/laragon/www/kampus-app/vendor/laravel/framework/src/Illuminate/View/View.php(190): Illuminate/View/View->getContents()
#8 C:/laragon/www/kampus-app/vendor/laravel/framework/src/Illuminate/View/View.php(159): Illuminate/View/View->renderContents()
#9 C:/laragon/www/kampus-app/vendor/laravel/framework/src/Illuminate/Http/Response.php(69): Illuminate/View/View->render()
#10 C:/laragon/www/kampus-app/vendor/laravel/framework/src/Illuminate/Http/Response.php(35): Illuminate/Http/Response->setContent(Object(Illuminate/View/View))
#11 C:/laragon/www/kampus-app/vendor/laravel/framework/src/Illuminate/Routing/Router.php(918): Illuminate/Http/Response->__construct(Object(Illuminate/View/View), 200, Array)
#12 C:/laragon/www/kampus-app/vendor/laravel/framework/src/Illuminate/Routing/Router.php(885): Illuminate/Routing/Router::toResponse(Object(Illuminate/Http/Request), Object(Illuminate/View/View))
#13 C:/laragon/www/kampus-app/vendor/laravel/framework/src/Illuminate/Routing/Router.php(806): Illuminate/Routing/Router->prepareResponse(Object(Illuminate/Http/Request), Object(Illuminate/View/View))
#14 C:/laragon/www/kampus-app/vendor/laravel/framework/src/Illuminate/Pipeline/Pipeline.php(144): Illuminate/Routing/Router->Illuminate/Routing/{closure}(Object(Illuminate/Http/Request))
#15 C:/laragon/www/kampus-app/vendor/laravel/framework/src/Illuminate/Routing/Middleware/SubstituteBindings.php(50): Illuminate/Pipeline/Pipeline->Illuminate/Pipeline/{closure}(Object(Illuminate/Http/Request))
#16 C:/laragon/www/kampus-app/vendor/laravel/framework/src/Illuminate/Pipeline/Pipeline.php(183): Illuminate/Routing/Middleware/SubstituteBindings->handle(Object(Illuminate/Http/Request), Object(Closure))
#17 C:/laragon/www/kampus-app/vendor/laravel/framework/src/Illuminate/Foundation/Http/Middleware/VerifyCsrfToken.php(78): Illuminate/Pipeline/Pipeline->Illuminate/Pipeline/{closure}(Object(Illuminate/Http/Request))
#18 C:/laragon/www/kampus-app/vendor/laravel/framework/src/Illuminate/Pipeline/Pipeline.php(183): Illuminate/Foundation/Http/Middleware/VerifyCsrfToken->handle(Object(Illuminate/Http/Request), Object(Closure))
#19 C:/laragon/www/kampus-app/vendor/laravel/framework/src/Illuminate/View/Middleware/ShareErrorsFromSession.php(49): Illuminate/Pipeline/Pipeline->Illuminate/Pipeline/{closure}(Object(Illuminate/Http/Request))
#20 C:/laragon/www/kampus-app/vendor/laravel/framework/src/Illuminate/Pipeline/Pipeline.php(183): Illuminate/View/Middleware/ShareErrorsFromSession->handle(Object(Illuminate/Http/Request), Object(Closure))
#21 C:/laragon/www/kampus-app/vendor/laravel/framework/src/Illuminate/Session/Middleware/StartSession.php(121): Illuminate/Pipeline/Pipeline->Illuminate/Pipeline/{closure}(Object(Illuminate/Http/Request))
#22 C:/laragon/www/kampus-app/vendor/laravel/framework/src/Illuminate/Session/Middleware/StartSession.php(64): Illuminate/Session/Middleware/StartSession->handleStatefulRequest(Object(Illuminate/Http/Request), Object(Illuminate/Session/Store), Object(Closure))
#23 C:/laragon/www/kampus-app/vendor/laravel/framework/src/Illuminate/Pipeline/Pipeline.php(183): Illuminate/Session/Middleware/StartSession->handle(Object(Illuminate/Http/Request), Object(Closure))
#24 C:/laragon/www/kampus-app/vendor/laravel/framework/src/Illuminate/Cookie/Middleware/AddQueuedCookiesToResponse.php(37): Illuminate/Pipeline/Pipeline->Illuminate/Pipeline/{closure}(Object(Illuminate/Http/Request))
#25 C:/laragon/www/kampus-app/vendor/laravel/framework/src/Illuminate/Pipeline/Pipeline.php(183): Illuminate/Cookie/Middleware/AddQueuedCookiesToResponse->handle(Object(Illuminate/Http/Request), Object(Closure))
#26 C:/laragon/www/kampus-app/vendor/laravel/framework/src/Illuminate/Cookie/Middleware/EncryptCookies.php(67): Illuminate/Pipeline/Pipeline->Illuminate/Pipeline/{closure}(Object(Illuminate/Http/Request))
#27 C:/laragon/www/kampus-app/vendor/laravel/framework/src/Illuminate/Pipeline/Pipeline.php(183): Illuminate/Cookie/Middleware/EncryptCookies->handle(Object(Illuminate/Http/Request), Object(Closure))
#28 C:/laragon/www/kampus-app/vendor/laravel/framework/src/Illuminate/Pipeline/Pipeline.php(119): Illuminate/Pipeline/Pipeline->Illuminate/Pipeline/{closure}(Object(Illuminate/Http/Request))
#29 C:/laragon/www/kampus-app/vendor/laravel/framework/src/Illuminate/Routing/Router.php(807): Illuminate/Pipeline/Pipeline->then(Object(Closure))
#30 C:/laragon/www/kampus-app/vendor/laravel/framework/src/Illuminate/Routing/Router.php(784): Illuminate/Routing/Router->runRouteWithinStack(Object(Illuminate/Routing/Route), Object(Illuminate/Http/Request))
#31 C:/laragon/www/kampus-app/vendor/laravel/framework/src/Illuminate/Routing/Router.php(748): Illuminate/Routing/Router->runRoute(Object(Illuminate/Http/Request), Object(Illuminate/Routing/Route))
#32 C:/laragon/www/kampus-app/vendor/laravel/framework/src/Illuminate/Routing/Router.php(737): Illuminate/Routing/Router->dispatchToRoute(Object(Illuminate/Http/Request))
#33 C:/laragon/www/kampus-app/vendor/laravel/framework/src/Illuminate/Foundation/Http/Kernel.php(200): Illuminate/Routing/Router->dispatch(Object(Illuminate/Http/Request))
#34 C:/laragon/www/kampus-app/vendor/laravel/framework/src/Illuminate/Pipeline/Pipeline.php(144): Illuminate/Foundation/Http/Kernel->Illuminate/Foundation/Http/{closure}(Object(Illuminate/Http/Request))
#35 C:/laragon/www/kampus-app/vendor/laravel/framework/src/Illuminate/Foundation/Http/Middleware/TransformsRequest.php(21): Illuminate/Pipeline/Pipeline->Illuminate/Pipeline/{closure}(Object(Illuminate/Http/Request))
#36 C:/laragon/www/kampus-app/vendor/laravel/framework/src/Illuminate/Foundation/Http/Middleware/ConvertEmptyStringsToNull.php(31): Illuminate/Foundation/Http/Middleware/TransformsRequest->handle(Object(Illuminate/Http/Request), Object(Closure))
#37 C:/laragon/www/kampus-app/vendor/laravel/framework/src/Illuminate/Pipeline/Pipeline.php(183): Illuminate/Foundation/Http/Middleware/ConvertEmptyStringsToNull->handle(Object(Illuminate/Http/Request), Object(Closure))
#38 C:/laragon/www/kampus-app/vendor/laravel/framework/src/Illuminate/Foundation/Http/Middleware/TransformsRequest.php(21): Illuminate/Pipeline/Pipeline->Illuminate/Pipeline/{closure}(Object(Illuminate/Http/Request))
#39 C:/laragon/www/kampus-app/vendor/laravel/framework/src/Illuminate/Foundation/Http/Middleware/TrimStrings.php(40): Illuminate/Foundation/Http/Middleware/TransformsRequest->handle(Object(Illuminate/Http/Request), Object(Closure))
#40 C:/laragon/www/kampus-app/vendor/laravel/framework/src/Illuminate/Pipeline/Pipeline.php(183): Illuminate/Foundation/Http/Middleware/TrimStrings->handle(Object(Illuminate/Http/Request), Object(Closure))
#41 C:/laragon/www/kampus-app/vendor/laravel/framework/src/Illuminate/Foundation/Http/Middleware/ValidatePostSize.php(27): Illuminate/Pipeline/Pipeline->Illuminate/Pipeline/{closure}(Object(Illuminate/Http/Request))
#42 C:/laragon/www/kampus-app/vendor/laravel/framework/src/Illuminate/Pipeline/Pipeline.php(183): Illuminate/Foundation/Http/Middleware/ValidatePostSize->handle(Object(Illuminate/Http/Request), Object(Closure))
#43 C:/laragon/www/kampus-app/vendor/laravel/framework/src/Illuminate/Foundation/Http/Middleware/PreventRequestsDuringMaintenance.php(99): Illuminate/Pipeline/Pipeline->Illuminate/Pipeline/{closure}(Object(Illuminate/Http/Request))
#44 C:/laragon/www/kampus-app/vendor/laravel/framework/src/Illuminate/Pipeline/Pipeline.php(183): Illuminate/Foundation/Http/Middleware/PreventRequestsDuringMaintenance->handle(Object(Illuminate/Http/Request), Object(Closure))
#45 C:/laragon/www/kampus-app/vendor/laravel/framework/src/Illuminate/Http/Middleware/HandleCors.php(49): Illuminate/Pipeline/Pipeline->Illuminate/Pipeline/{closure}(Object(Illuminate/Http/Request))
#46 C:/laragon/www/kampus-app/vendor/laravel/framework/src/Illuminate/Pipeline/Pipeline.php(183): Illuminate/Http/Middleware/HandleCors->handle(Object(Illuminate/Http/Request), Object(Closure))
#47 C:/laragon/www/kampus-app/vendor/laravel/framework/src/Illuminate/Http/Middleware/TrustProxies.php(39): Illuminate/Pipeline/Pipeline->Illuminate/Pipeline/{closure}(Object(Illuminate/Http/Request))
#48 C:/laragon/www/kampus-app/vendor/laravel/framework/src/Illuminate/Pipeline/Pipeline.php(183): Illuminate/Http/Middleware/TrustProxies->handle(Object(Illuminate/Http/Request), Object(Closure))
#49 C:/laragon/www/kampus-app/vendor/laravel/framework/src/Illuminate/Pipeline/Pipeline.php(119): Illuminate/Pipeline/Pipeline->Illuminate/Pipeline/{closure}(Object(Illuminate/Http/Request))
#50 C:/laragon/www/kampus-app/vendor/laravel/framework/src/Illuminate/Foundation/Http/Kernel.php(175): Illuminate/Pipeline/Pipeline->then(Object(Closure))
#51 C:/laragon/www/kampus-app/vendor/laravel/framework/src/Illuminate/Foundation/Http/Kernel.php(144): Illuminate/Foundation/Http/Kernel->sendRequestThroughRouter(Object(Illuminate/Http/Request))
#52 C:/laragon/www/kampus-app/public/index.php(52): Illuminate/Foundation/Http/Kernel->handle(Object(Illuminate/Http/Request))
#53 C:/laragon/www/kampus-app/vendor/laravel/framework/src/Illuminate/Foundation/resources/server.php(16): require_once('C://laragon//www//...')
#54 {main}
"} 
[2026-03-08 15:17:57] local.ERROR: Undefined variable $mahasiswa {"view":{"view":"C:\\laragon\\www\\kampus-app\\resources\\views\\matkul\\index.blade.php","data":{"errors":"<pre class=sf-dump id=sf-dump-398532912 data-indent-pad=\"  \"><span class=sf-dump-note>Illuminate\\Support\\ViewErrorBag</span> {<a class=sf-dump-ref>#280</a><samp data-depth=1 class=sf-dump-expanded>
  #<span class=sf-dump-protected title=\"Protected property\">bags</span>: []
</samp>}
</pre><script>Sfdump(\"sf-dump-398532912\", {\"maxDepth\":3,\"maxStringLength\":160})</script>
","matkul":"<pre class=sf-dump id=sf-dump-1539776502 data-indent-pad=\"  \"><span class=sf-dump-note>Illuminate\\Database\\Eloquent\\Collection</span> {<a class=sf-dump-ref>#985</a><samp data-depth=1 class=sf-dump-expanded>
  #<span class=sf-dump-protected title=\"Protected property\">items</span>: <span class=sf-dump-note>array:2</span> [<samp data-depth=2 class=sf-dump-compact>
    <span class=sf-dump-index>0</span> => <span class=\"sf-dump-note sf-dump-ellipsization\" title=\"App\\Models\\Matkul
\"><span class=\"sf-dump-ellipsis sf-dump-ellipsis-note\">App\\Models</span><span class=\"sf-dump-ellipsis sf-dump-ellipsis-note\">\\</span><span class=\"sf-dump-ellipsis-tail\">Matkul</span></span> {<a class=sf-dump-ref>#987</a><samp data-depth=3 class=sf-dump-compact>
      #<span class=sf-dump-protected title=\"Protected property\">connection</span>: \"<span class=sf-dump-str title=\"5 characters\">mysql</span>\"
      #<span class=sf-dump-protected title=\"Protected property\">table</span>: \"<span class=sf-dump-str title=\"7 characters\">matkuls</span>\"
      #<span class=sf-dump-protected title=\"Protected property\">primaryKey</span>: \"<span class=sf-dump-str title=\"2 characters\">id</span>\"
      #<span class=sf-dump-protected title=\"Protected property\">keyType</span>: \"<span class=sf-dump-str title=\"3 characters\">int</span>\"
      +<span class=sf-dump-public title=\"Public property\">incrementing</span>: <span class=sf-dump-const>true</span>
      #<span class=sf-dump-protected title=\"Protected property\">with</span>: []
      #<span class=sf-dump-protected title=\"Protected property\">withCount</span>: []
      +<span class=sf-dump-public title=\"Public property\">preventsLazyLoading</span>: <span class=sf-dump-const>false</span>
      #<span class=sf-dump-protected title=\"Protected property\">perPage</span>: <span class=sf-dump-num>15</span>
      +<span class=sf-dump-public title=\"Public property\">exists</span>: <span class=sf-dump-const>true</span>
      +<span class=sf-dump-public title=\"Public property\">wasRecentlyCreated</span>: <span class=sf-dump-const>false</span>
      #<span class=sf-dump-protected title=\"Protected property\">escapeWhenCastingToString</span>: <span class=sf-dump-const>false</span>
      #<span class=sf-dump-protected title=\"Protected property\">attributes</span>: <span class=sf-dump-note>array:6</span> [ &#8230;6]
      #<span class=sf-dump-protected title=\"Protected property\">original</span>: <span class=sf-dump-note>array:6</span> [ &#8230;6]
      #<span class=sf-dump-protected title=\"Protected property\">changes</span>: []
      #<span class=sf-dump-protected title=\"Protected property\">casts</span>: []
      #<span class=sf-dump-protected title=\"Protected property\">classCastCache</span>: []
      #<span class=sf-dump-protected title=\"Protected property\">attributeCastCache</span>: []
      #<span class=sf-dump-protected title=\"Protected property\">dateFormat</span>: <span class=sf-dump-const>null</span>
      #<span class=sf-dump-protected title=\"Protected property\">appends</span>: []
      #<span class=sf-dump-protected title=\"Protected property\">dispatchesEvents</span>: []
      #<span class=sf-dump-protected title=\"Protected property\">observables</span>: []
      #<span class=sf-dump-protected title=\"Protected property\">relations</span>: []
      #<span class=sf-dump-protected title=\"Protected property\">touches</span>: []
      +<span class=sf-dump-public title=\"Public property\">timestamps</span>: <span class=sf-dump-const>true</span>
      +<span class=sf-dump-public title=\"Public property\">usesUniqueIds</span>: <span class=sf-dump-const>false</span>
      #<span class=sf-dump-protected title=\"Protected property\">hidden</span>: []
      #<span class=sf-dump-protected title=\"Protected property\">visible</span>: []
      #<span class=sf-dump-protected title=\"Protected property\">fillable</span>: []
      #<span class=sf-dump-protected title=\"Protected property\">guarded</span>: <span class=sf-dump-note>array:1</span> [ &#8230;1]
    </samp>}
    <span class=sf-dump-index>1</span> => <span class=\"sf-dump-note sf-dump-ellipsization\" title=\"App\\Models\\Matkul
\"><span class=\"sf-dump-ellipsis sf-dump-ellipsis-note\">App\\Models</span><span class=\"sf-dump-ellipsis sf-dump-ellipsis-note\">\\</span><span class=\"sf-dump-ellipsis-tail\">Matkul</span></span> {<a class=sf-dump-ref>#988</a><samp data-depth=3 class=sf-dump-compact>
      #<span class=sf-dump-protected title=\"Protected property\">connection</span>: \"<span class=sf-dump-str title=\"5 characters\">mysql</span>\"
      #<span class=sf-dump-protected title=\"Protected property\">table</span>: \"<span class=sf-dump-str title=\"7 characters\">matkuls</span>\"
      #<span class=sf-dump-protected title=\"Protected property\">primaryKey</span>: \"<span class=sf-dump-str title=\"2 characters\">id</span>\"
      #<span class=sf-dump-protected title=\"Protected property\">keyType</span>: \"<span class=sf-dump-str title=\"3 characters\">int</span>\"
      +<span class=sf-dump-public title=\"Public property\">incrementing</span>: <span class=sf-dump-const>true</span>
      #<span class=sf-dump-protected title=\"Protected property\">with</span>: []
      #<span class=sf-dump-protected title=\"Protected property\">withCount</span>: []
      +<span class=sf-dump-public title=\"Public property\">preventsLazyLoading</span>: <span class=sf-dump-const>false</span>
      #<span class=sf-dump-protected title=\"Protected property\">perPage</span>: <span class=sf-dump-num>15</span>
      +<span class=sf-dump-public title=\"Public property\">exists</span>: <span class=sf-dump-const>true</span>
      +<span class=sf-dump-public title=\"Public property\">wasRecentlyCreated</span>: <span class=sf-dump-const>false</span>
      #<span class=sf-dump-protected title=\"Protected property\">escapeWhenCastingToString</span>: <span class=sf-dump-const>false</span>
      #<span class=sf-dump-protected title=\"Protected property\">attributes</span>: <span class=sf-dump-note>array:6</span> [ &#8230;6]
      #<span class=sf-dump-protected title=\"Protected property\">original</span>: <span class=sf-dump-note>array:6</span> [ &#8230;6]
      #<span class=sf-dump-protected title=\"Protected property\">changes</span>: []
      #<span class=sf-dump-protected title=\"Protected property\">casts</span>: []
      #<span class=sf-dump-protected title=\"Protected property\">classCastCache</span>: []
      #<span class=sf-dump-protected title=\"Protected property\">attributeCastCache</span>: []
      #<span class=sf-dump-protected title=\"Protected property\">dateFormat</span>: <span class=sf-dump-const>null</span>
      #<span class=sf-dump-protected title=\"Protected property\">appends</span>: []
      #<span class=sf-dump-protected title=\"Protected property\">dispatchesEvents</span>: []
      #<span class=sf-dump-protected title=\"Protected property\">observables</span>: []
      #<span class=sf-dump-protected title=\"Protected property\">relations</span>: []
      #<span class=sf-dump-protected title=\"Protected property\">touches</span>: []
      +<span class=sf-dump-public title=\"Public property\">timestamps</span>: <span class=sf-dump-const>true</span>
      +<span class=sf-dump-public title=\"Public property\">usesUniqueIds</span>: <span class=sf-dump-const>false</span>
      #<span class=sf-dump-protected title=\"Protected property\">hidden</span>: []
      #<span class=sf-dump-protected title=\"Protected property\">visible</span>: []
      #<span class=sf-dump-protected title=\"Protected property\">fillable</span>: []
      #<span class=sf-dump-protected title=\"Protected property\">guarded</span>: <span class=sf-dump-note>array:1</span> [ &#8230;1]
    </samp>}
  </samp>]
  #<span class=sf-dump-protected title=\"Protected property\">escapeWhenCastingToString</span>: <span class=sf-dump-const>false</span>
</samp>}
</pre><script>Sfdump(\"sf-dump-1539776502\", {\"maxDepth\":3,\"maxStringLength\":160})</script>
"}},"exception":"[object] (Spatie\\LaravelIgnition\\Exceptions\\ViewException(code: 0): Undefined variable $mahasiswa at C:/laragon/www/kampus-app/resources/views/matkul/index.blade.php:18)
[stacktrace]
#0 C:/laragon/www/kampus-app/vendor/laravel/framework/src/Illuminate/Filesystem/Filesystem.php(123): require('C://laragon//www//...')
#1 C:/laragon/www/kampus-app/vendor/laravel/framework/src/Illuminate/Filesystem/Filesystem.php(124): Illuminate/Filesystem/Filesystem::Illuminate/Filesystem/{closure}()
#2 C:/laragon/www/kampus-app/vendor/laravel/framework/src/Illuminate/View/Engines/PhpEngine.php(58): Illuminate/Filesystem/Filesystem->getRequire('C://laragon//www//...', Array)
#3 C:/laragon/www/kampus-app/vendor/laravel/framework/src/Illuminate/View/Engines/CompilerEngine.php(72): Illuminate/View/Engines/PhpEngine->evaluatePath('C://laragon//www//...', Array)
#4 C:/laragon/www/kampus-app/vendor/laravel/framework/src/Illuminate/View/View.php(207): Illuminate/View/Engines/CompilerEngine->get('C://laragon//www//...', Array)
#5 C:/laragon/www/kampus-app/vendor/laravel/framework/src/Illuminate/View/View.php(190): Illuminate/View/View->getContents()
#6 C:/laragon/www/kampus-app/vendor/laravel/framework/src/Illuminate/View/View.php(159): Illuminate/View/View->renderContents()
#7 C:/laragon/www/kampus-app/vendor/laravel/framework/src/Illuminate/Http/Response.php(69): Illuminate/View/View->render()
#8 C:/laragon/www/kampus-app/vendor/laravel/framework/src/Illuminate/Http/Response.php(35): Illuminate/Http/Response->setContent(Object(Illuminate/View/View))
#9 C:/laragon/www/kampus-app/vendor/laravel/framework/src/Illuminate/Routing/Router.php(918): Illuminate/Http/Response->__construct(Object(Illuminate/View/View), 200, Array)
#10 C:/laragon/www/kampus-app/vendor/laravel/framework/src/Illuminate/Routing/Router.php(885): Illuminate/Routing/Router::toResponse(Object(Illuminate/Http/Request), Object(Illuminate/View/View))
#11 C:/laragon/www/kampus-app/vendor/laravel/framework/src/Illuminate/Routing/Router.php(806): Illuminate/Routing/Router->prepareResponse(Object(Illuminate/Http/Request), Object(Illuminate/View/View))
#12 C:/laragon/www/kampus-app/vendor/laravel/framework/src/Illuminate/Pipeline/Pipeline.php(144): Illuminate/Routing/Router->Illuminate/Routing/{closure}(Object(Illuminate/Http/Request))
#13 C:/laragon/www/kampus-app/vendor/laravel/framework/src/Illuminate/Routing/Middleware/SubstituteBindings.php(50): Illuminate/Pipeline/Pipeline->Illuminate/Pipeline/{closure}(Object(Illuminate/Http/Request))
#14 C:/laragon/www/kampus-app/vendor/laravel/framework/src/Illuminate/Pipeline/Pipeline.php(183): Illuminate/Routing/Middleware/SubstituteBindings->handle(Object(Illuminate/Http/Request), Object(Closure))
#15 C:/laragon/www/kampus-app/vendor/laravel/framework/src/Illuminate/Foundation/Http/Middleware/VerifyCsrfToken.php(78): Illuminate/Pipeline/Pipeline->Illuminate/Pipeline/{closure}(Object(Illuminate/Http/Request))
#16 C:/laragon/www/kampus-app/vendor/laravel/framework/src/Illuminate/Pipeline/Pipeline.php(183): Illuminate/Foundation/Http/Middleware/VerifyCsrfToken->handle(Object(Illuminate/Http/Request), Object(Closure))
#17 C:/laragon/www/kampus-app/vendor/laravel/framework/src/Illuminate/View/Middleware/ShareErrorsFromSession.php(49): Illuminate/Pipeline/Pipeline->Illuminate/Pipeline/{closure}(Object(Illuminate/Http/Request))
#18 C:/laragon/www/kampus-app/vendor/laravel/framework/src/Illuminate/Pipeline/Pipeline.php(183): Illuminate/View/Middleware/ShareErrorsFromSession->handle(Object(Illuminate/Http/Request), Object(Closure))
#19 C:/laragon/www/kampus-app/vendor/laravel/framework/src/Illuminate/Session/Middleware/StartSession.php(121): Illuminate/Pipeline/Pipeline->Illuminate/Pipeline/{closure}(Object(Illuminate/Http/Request))
#20 C:/laragon/www/kampus-app/vendor/laravel/framework/src/Illuminate/Session/Middleware/StartSession.php(64): Illuminate/Session/Middleware/StartSession->handleStatefulRequest(Object(Illuminate/Http/Request), Object(Illuminate/Session/Store), Object(Closure))
#21 C:/laragon/www/kampus-app/vendor/laravel/framework/src/Illuminate/Pipeline/Pipeline.php(183): Illuminate/Session/Middleware/StartSession->handle(Object(Illuminate/Http/Request), Object(Closure))
#22 C:/laragon/www/kampus-app/vendor/laravel/framework/src/Illuminate/Cookie/Middleware/AddQueuedCookiesToResponse.php(37): Illuminate/Pipeline/Pipeline->Illuminate/Pipeline/{closure}(Object(Illuminate/Http/Request))
#23 C:/laragon/www/kampus-app/vendor/laravel/framework/src/Illuminate/Pipeline/Pipeline.php(183): Illuminate/Cookie/Middleware/AddQueuedCookiesToResponse->handle(Object(Illuminate/Http/Request), Object(Closure))
#24 C:/laragon/www/kampus-app/vendor/laravel/framework/src/Illuminate/Cookie/Middleware/EncryptCookies.php(67): Illuminate/Pipeline/Pipeline->Illuminate/Pipeline/{closure}(Object(Illuminate/Http/Request))
#25 C:/laragon/www/kampus-app/vendor/laravel/framework/src/Illuminate/Pipeline/Pipeline.php(183): Illuminate/Cookie/Middleware/EncryptCookies->handle(Object(Illuminate/Http/Request), Object(Closure))
#26 C:/laragon/www/kampus-app/vendor/laravel/framework/src/Illuminate/Pipeline/Pipeline.php(119): Illuminate/Pipeline/Pipeline->Illuminate/Pipeline/{closure}(Object(Illuminate/Http/Request))
#27 C:/laragon/www/kampus-app/vendor/laravel/framework/src/Illuminate/Routing/Router.php(807): Illuminate/Pipeline/Pipeline->then(Object(Closure))
#28 C:/laragon/www/kampus-app/vendor/laravel/framework/src/Illuminate/Routing/Router.php(784): Illuminate/Routing/Router->runRouteWithinStack(Object(Illuminate/Routing/Route), Object(Illuminate/Http/Request))
#29 C:/laragon/www/kampus-app/vendor/laravel/framework/src/Illuminate/Routing/Router.php(748): Illuminate/Routing/Router->runRoute(Object(Illuminate/Http/Request), Object(Illuminate/Routing/Route))
#30 C:/laragon/www/kampus-app/vendor/laravel/framework/src/Illuminate/Routing/Router.php(737): Illuminate/Routing/Router->dispatchToRoute(Object(Illuminate/Http/Request))
#31 C:/laragon/www/kampus-app/vendor/laravel/framework/src/Illuminate/Foundation/Http/Kernel.php(200): Illuminate/Routing/Router->dispatch(Object(Illuminate/Http/Request))
#32 C:/laragon/www/kampus-app/vendor/laravel/framework/src/Illuminate/Pipeline/Pipeline.php(144): Illuminate/Foundation/Http/Kernel->Illuminate/Foundation/Http/{closure}(Object(Illuminate/Http/Request))
#33 C:/laragon/www/kampus-app/vendor/laravel/framework/src/Illuminate/Foundation/Http/Middleware/TransformsRequest.php(21): Illuminate/Pipeline/Pipeline->Illuminate/Pipeline/{closure}(Object(Illuminate/Http/Request))
#34 C:/laragon/www/kampus-app/vendor/laravel/framework/src/Illuminate/Foundation/Http/Middleware/ConvertEmptyStringsToNull.php(31): Illuminate/Foundation/Http/Middleware/TransformsRequest->handle(Object(Illuminate/Http/Request), Object(Closure))
#35 C:/laragon/www/kampus-app/vendor/laravel/framework/src/Illuminate/Pipeline/Pipeline.php(183): Illuminate/Foundation/Http/Middleware/ConvertEmptyStringsToNull->handle(Object(Illuminate/Http/Request), Object(Closure))
#36 C:/laragon/www/kampus-app/vendor/laravel/framework/src/Illuminate/Foundation/Http/Middleware/TransformsRequest.php(21): Illuminate/Pipeline/Pipeline->Illuminate/Pipeline/{closure}(Object(Illuminate/Http/Request))
#37 C:/laragon/www/kampus-app/vendor/laravel/framework/src/Illuminate/Foundation/Http/Middleware/TrimStrings.php(40): Illuminate/Foundation/Http/Middleware/TransformsRequest->handle(Object(Illuminate/Http/Request), Object(Closure))
#38 C:/laragon/www/kampus-app/vendor/laravel/framework/src/Illuminate/Pipeline/Pipeline.php(183): Illuminate/Foundation/Http/Middleware/TrimStrings->handle(Object(Illuminate/Http/Request), Object(Closure))
#39 C:/laragon/www/kampus-app/vendor/laravel/framework/src/Illuminate/Foundation/Http/Middleware/ValidatePostSize.php(27): Illuminate/Pipeline/Pipeline->Illuminate/Pipeline/{closure}(Object(Illuminate/Http/Request))
#40 C:/laragon/www/kampus-app/vendor/laravel/framework/src/Illuminate/Pipeline/Pipeline.php(183): Illuminate/Foundation/Http/Middleware/ValidatePostSize->handle(Object(Illuminate/Http/Request), Object(Closure))
#41 C:/laragon/www/kampus-app/vendor/laravel/framework/src/Illuminate/Foundation/Http/Middleware/PreventRequestsDuringMaintenance.php(99): Illuminate/Pipeline/Pipeline->Illuminate/Pipeline/{closure}(Object(Illuminate/Http/Request))
#42 C:/laragon/www/kampus-app/vendor/laravel/framework/src/Illuminate/Pipeline/Pipeline.php(183): Illuminate/Foundation/Http/Middleware/PreventRequestsDuringMaintenance->handle(Object(Illuminate/Http/Request), Object(Closure))
#43 C:/laragon/www/kampus-app/vendor/laravel/framework/src/Illuminate/Http/Middleware/HandleCors.php(49): Illuminate/Pipeline/Pipeline->Illuminate/Pipeline/{closure}(Object(Illuminate/Http/Request))
#44 C:/laragon/www/kampus-app/vendor/laravel/framework/src/Illuminate/Pipeline/Pipeline.php(183): Illuminate/Http/Middleware/HandleCors->handle(Object(Illuminate/Http/Request), Object(Closure))
#45 C:/laragon/www/kampus-app/vendor/laravel/framework/src/Illuminate/Http/Middleware/TrustProxies.php(39): Illuminate/Pipeline/Pipeline->Illuminate/Pipeline/{closure}(Object(Illuminate/Http/Request))
#46 C:/laragon/www/kampus-app/vendor/laravel/framework/src/Illuminate/Pipeline/Pipeline.php(183): Illuminate/Http/Middleware/TrustProxies->handle(Object(Illuminate/Http/Request), Object(Closure))
#47 C:/laragon/www/kampus-app/vendor/laravel/framework/src/Illuminate/Pipeline/Pipeline.php(119): Illuminate/Pipeline/Pipeline->Illuminate/Pipeline/{closure}(Object(Illuminate/Http/Request))
#48 C:/laragon/www/kampus-app/vendor/laravel/framework/src/Illuminate/Foundation/Http/Kernel.php(175): Illuminate/Pipeline/Pipeline->then(Object(Closure))
#49 C:/laragon/www/kampus-app/vendor/laravel/framework/src/Illuminate/Foundation/Http/Kernel.php(144): Illuminate/Foundation/Http/Kernel->sendRequestThroughRouter(Object(Illuminate/Http/Request))
#50 C:/laragon/www/kampus-app/public/index.php(52): Illuminate/Foundation/Http/Kernel->handle(Object(Illuminate/Http/Request))
#51 C:/laragon/www/kampus-app/vendor/laravel/framework/src/Illuminate/Foundation/resources/server.php(16): require_once('C://laragon//www//...')
#52 {main}

[previous exception] [object] (ErrorException(code: 0): Undefined variable $mahasiswa at C:/laragon/www/kampus-app/storage/framework/views/1e520012d62bdd3eee84bc35beb6d604.php:18)
[stacktrace]
#0 C:/laragon/www/kampus-app/vendor/laravel/framework/src/Illuminate/Foundation/Bootstrap/HandleExceptions.php(255): Illuminate/Foundation/Bootstrap/HandleExceptions->handleError(2, 'Undefined varia...', 'C://laragon//www//...', 18)
#1 C:/laragon/www/kampus-app/storage/framework/views/1e520012d62bdd3eee84bc35beb6d604.php(18): Illuminate/Foundation/Bootstrap/HandleExceptions->Illuminate/Foundation/Bootstrap/{closure}(2, 'Undefined varia...', 'C://laragon//www//...', 18)
#2 C:/laragon/www/kampus-app/vendor/laravel/framework/src/Illuminate/Filesystem/Filesystem.php(123): require('C://laragon//www//...')
#3 C:/laragon/www/kampus-app/vendor/laravel/framework/src/Illuminate/Filesystem/Filesystem.php(124): Illuminate/Filesystem/Filesystem::Illuminate/Filesystem/{closure}()
#4 C:/laragon/www/kampus-app/vendor/laravel/framework/src/Illuminate/View/Engines/PhpEngine.php(58): Illuminate/Filesystem/Filesystem->getRequire('C://laragon//www//...', Array)
#5 C:/laragon/www/kampus-app/vendor/laravel/framework/src/Illuminate/View/Engines/CompilerEngine.php(72): Illuminate/View/Engines/PhpEngine->evaluatePath('C://laragon//www//...', Array)
#6 C:/laragon/www/kampus-app/vendor/laravel/framework/src/Illuminate/View/View.php(207): Illuminate/View/Engines/CompilerEngine->get('C://laragon//www//...', Array)
#7 C:/laragon/www/kampus-app/vendor/laravel/framework/src/Illuminate/View/View.php(190): Illuminate/View/View->getContents()
#8 C:/laragon/www/kampus-app/vendor/laravel/framework/src/Illuminate/View/View.php(159): Illuminate/View/View->renderContents()
#9 C:/laragon/www/kampus-app/vendor/laravel/framework/src/Illuminate/Http/Response.php(69): Illuminate/View/View->render()
#10 C:/laragon/www/kampus-app/vendor/laravel/framework/src/Illuminate/Http/Response.php(35): Illuminate/Http/Response->setContent(Object(Illuminate/View/View))
#11 C:/laragon/www/kampus-app/vendor/laravel/framework/src/Illuminate/Routing/Router.php(918): Illuminate/Http/Response->__construct(Object(Illuminate/View/View), 200, Array)
#12 C:/laragon/www/kampus-app/vendor/laravel/framework/src/Illuminate/Routing/Router.php(885): Illuminate/Routing/Router::toResponse(Object(Illuminate/Http/Request), Object(Illuminate/View/View))
#13 C:/laragon/www/kampus-app/vendor/laravel/framework/src/Illuminate/Routing/Router.php(806): Illuminate/Routing/Router->prepareResponse(Object(Illuminate/Http/Request), Object(Illuminate/View/View))
#14 C:/laragon/www/kampus-app/vendor/laravel/framework/src/Illuminate/Pipeline/Pipeline.php(144): Illuminate/Routing/Router->Illuminate/Routing/{closure}(Object(Illuminate/Http/Request))
#15 C:/laragon/www/kampus-app/vendor/laravel/framework/src/Illuminate/Routing/Middleware/SubstituteBindings.php(50): Illuminate/Pipeline/Pipeline->Illuminate/Pipeline/{closure}(Object(Illuminate/Http/Request))
#16 C:/laragon/www/kampus-app/vendor/laravel/framework/src/Illuminate/Pipeline/Pipeline.php(183): Illuminate/Routing/Middleware/SubstituteBindings->handle(Object(Illuminate/Http/Request), Object(Closure))
#17 C:/laragon/www/kampus-app/vendor/laravel/framework/src/Illuminate/Foundation/Http/Middleware/VerifyCsrfToken.php(78): Illuminate/Pipeline/Pipeline->Illuminate/Pipeline/{closure}(Object(Illuminate/Http/Request))
#18 C:/laragon/www/kampus-app/vendor/laravel/framework/src/Illuminate/Pipeline/Pipeline.php(183): Illuminate/Foundation/Http/Middleware/VerifyCsrfToken->handle(Object(Illuminate/Http/Request), Object(Closure))
#19 C:/laragon/www/kampus-app/vendor/laravel/framework/src/Illuminate/View/Middleware/ShareErrorsFromSession.php(49): Illuminate/Pipeline/Pipeline->Illuminate/Pipeline/{closure}(Object(Illuminate/Http/Request))
#20 C:/laragon/www/kampus-app/vendor/laravel/framework/src/Illuminate/Pipeline/Pipeline.php(183): Illuminate/View/Middleware/ShareErrorsFromSession->handle(Object(Illuminate/Http/Request), Object(Closure))
#21 C:/laragon/www/kampus-app/vendor/laravel/framework/src/Illuminate/Session/Middleware/StartSession.php(121): Illuminate/Pipeline/Pipeline->Illuminate/Pipeline/{closure}(Object(Illuminate/Http/Request))
#22 C:/laragon/www/kampus-app/vendor/laravel/framework/src/Illuminate/Session/Middleware/StartSession.php(64): Illuminate/Session/Middleware/StartSession->handleStatefulRequest(Object(Illuminate/Http/Request), Object(Illuminate/Session/Store), Object(Closure))
#23 C:/laragon/www/kampus-app/vendor/laravel/framework/src/Illuminate/Pipeline/Pipeline.php(183): Illuminate/Session/Middleware/StartSession->handle(Object(Illuminate/Http/Request), Object(Closure))
#24 C:/laragon/www/kampus-app/vendor/laravel/framework/src/Illuminate/Cookie/Middleware/AddQueuedCookiesToResponse.php(37): Illuminate/Pipeline/Pipeline->Illuminate/Pipeline/{closure}(Object(Illuminate/Http/Request))
#25 C:/laragon/www/kampus-app/vendor/laravel/framework/src/Illuminate/Pipeline/Pipeline.php(183): Illuminate/Cookie/Middleware/AddQueuedCookiesToResponse->handle(Object(Illuminate/Http/Request), Object(Closure))
#26 C:/laragon/www/kampus-app/vendor/laravel/framework/src/Illuminate/Cookie/Middleware/EncryptCookies.php(67): Illuminate/Pipeline/Pipeline->Illuminate/Pipeline/{closure}(Object(Illuminate/Http/Request))
#27 C:/laragon/www/kampus-app/vendor/laravel/framework/src/Illuminate/Pipeline/Pipeline.php(183): Illuminate/Cookie/Middleware/EncryptCookies->handle(Object(Illuminate/Http/Request), Object(Closure))
#28 C:/laragon/www/kampus-app/vendor/laravel/framework/src/Illuminate/Pipeline/Pipeline.php(119): Illuminate/Pipeline/Pipeline->Illuminate/Pipeline/{closure}(Object(Illuminate/Http/Request))
#29 C:/laragon/www/kampus-app/vendor/laravel/framework/src/Illuminate/Routing/Router.php(807): Illuminate/Pipeline/Pipeline->then(Object(Closure))
#30 C:/laragon/www/kampus-app/vendor/laravel/framework/src/Illuminate/Routing/Router.php(784): Illuminate/Routing/Router->runRouteWithinStack(Object(Illuminate/Routing/Route), Object(Illuminate/Http/Request))
#31 C:/laragon/www/kampus-app/vendor/laravel/framework/src/Illuminate/Routing/Router.php(748): Illuminate/Routing/Router->runRoute(Object(Illuminate/Http/Request), Object(Illuminate/Routing/Route))
#32 C:/laragon/www/kampus-app/vendor/laravel/framework/src/Illuminate/Routing/Router.php(737): Illuminate/Routing/Router->dispatchToRoute(Object(Illuminate/Http/Request))
#33 C:/laragon/www/kampus-app/vendor/laravel/framework/src/Illuminate/Foundation/Http/Kernel.php(200): Illuminate/Routing/Router->dispatch(Object(Illuminate/Http/Request))
#34 C:/laragon/www/kampus-app/vendor/laravel/framework/src/Illuminate/Pipeline/Pipeline.php(144): Illuminate/Foundation/Http/Kernel->Illuminate/Foundation/Http/{closure}(Object(Illuminate/Http/Request))
#35 C:/laragon/www/kampus-app/vendor/laravel/framework/src/Illuminate/Foundation/Http/Middleware/TransformsRequest.php(21): Illuminate/Pipeline/Pipeline->Illuminate/Pipeline/{closure}(Object(Illuminate/Http/Request))
#36 C:/laragon/www/kampus-app/vendor/laravel/framework/src/Illuminate/Foundation/Http/Middleware/ConvertEmptyStringsToNull.php(31): Illuminate/Foundation/Http/Middleware/TransformsRequest->handle(Object(Illuminate/Http/Request), Object(Closure))
#37 C:/laragon/www/kampus-app/vendor/laravel/framework/src/Illuminate/Pipeline/Pipeline.php(183): Illuminate/Foundation/Http/Middleware/ConvertEmptyStringsToNull->handle(Object(Illuminate/Http/Request), Object(Closure))
#38 C:/laragon/www/kampus-app/vendor/laravel/framework/src/Illuminate/Foundation/Http/Middleware/TransformsRequest.php(21): Illuminate/Pipeline/Pipeline->Illuminate/Pipeline/{closure}(Object(Illuminate/Http/Request))
#39 C:/laragon/www/kampus-app/vendor/laravel/framework/src/Illuminate/Foundation/Http/Middleware/TrimStrings.php(40): Illuminate/Foundation/Http/Middleware/TransformsRequest->handle(Object(Illuminate/Http/Request), Object(Closure))
#40 C:/laragon/www/kampus-app/vendor/laravel/framework/src/Illuminate/Pipeline/Pipeline.php(183): Illuminate/Foundation/Http/Middleware/TrimStrings->handle(Object(Illuminate/Http/Request), Object(Closure))
#41 C:/laragon/www/kampus-app/vendor/laravel/framework/src/Illuminate/Foundation/Http/Middleware/ValidatePostSize.php(27): Illuminate/Pipeline/Pipeline->Illuminate/Pipeline/{closure}(Object(Illuminate/Http/Request))
#42 C:/laragon/www/kampus-app/vendor/laravel/framework/src/Illuminate/Pipeline/Pipeline.php(183): Illuminate/Foundation/Http/Middleware/ValidatePostSize->handle(Object(Illuminate/Http/Request), Object(Closure))
#43 C:/laragon/www/kampus-app/vendor/laravel/framework/src/Illuminate/Foundation/Http/Middleware/PreventRequestsDuringMaintenance.php(99): Illuminate/Pipeline/Pipeline->Illuminate/Pipeline/{closure}(Object(Illuminate/Http/Request))
#44 C:/laragon/www/kampus-app/vendor/laravel/framework/src/Illuminate/Pipeline/Pipeline.php(183): Illuminate/Foundation/Http/Middleware/PreventRequestsDuringMaintenance->handle(Object(Illuminate/Http/Request), Object(Closure))
#45 C:/laragon/www/kampus-app/vendor/laravel/framework/src/Illuminate/Http/Middleware/HandleCors.php(49): Illuminate/Pipeline/Pipeline->Illuminate/Pipeline/{closure}(Object(Illuminate/Http/Request))
#46 C:/laragon/www/kampus-app/vendor/laravel/framework/src/Illuminate/Pipeline/Pipeline.php(183): Illuminate/Http/Middleware/HandleCors->handle(Object(Illuminate/Http/Request), Object(Closure))
#47 C:/laragon/www/kampus-app/vendor/laravel/framework/src/Illuminate/Http/Middleware/TrustProxies.php(39): Illuminate/Pipeline/Pipeline->Illuminate/Pipeline/{closure}(Object(Illuminate/Http/Request))
#48 C:/laragon/www/kampus-app/vendor/laravel/framework/src/Illuminate/Pipeline/Pipeline.php(183): Illuminate/Http/Middleware/TrustProxies->handle(Object(Illuminate/Http/Request), Object(Closure))
#49 C:/laragon/www/kampus-app/vendor/laravel/framework/src/Illuminate/Pipeline/Pipeline.php(119): Illuminate/Pipeline/Pipeline->Illuminate/Pipeline/{closure}(Object(Illuminate/Http/Request))
#50 C:/laragon/www/kampus-app/vendor/laravel/framework/src/Illuminate/Foundation/Http/Kernel.php(175): Illuminate/Pipeline/Pipeline->then(Object(Closure))
#51 C:/laragon/www/kampus-app/vendor/laravel/framework/src/Illuminate/Foundation/Http/Kernel.php(144): Illuminate/Foundation/Http/Kernel->sendRequestThroughRouter(Object(Illuminate/Http/Request))
#52 C:/laragon/www/kampus-app/public/index.php(52): Illuminate/Foundation/Http/Kernel->handle(Object(Illuminate/Http/Request))
#53 C:/laragon/www/kampus-app/vendor/laravel/framework/src/Illuminate/Foundation/resources/server.php(16): require_once('C://laragon//www//...')
#54 {main}
"} 
